{
	"credit": "Made with Blockbench",
	"textures": {
		"particle": "block/soul_lantern",
		"soul_lantern": "block/soul_lantern"
	},
	"elements": [
		{
			"name": "Bottom base",
			"from": [5, 0.5, 5],
			"to": [11, 1, 11],
			"rotation": {"angle": 0, "axis": "y", "origin": [14, 8, 13]},
			"faces": {
				"north": {"uv": [0, 14, 6, 15], "texture": "#soul_lantern"},
				"east": {"uv": [5, 9, 6, 15], "rotation": 90, "texture": "#soul_lantern"},
				"south": {"uv": [0, 14, 6, 14.5], "texture": "#soul_lantern"},
				"west": {"uv": [0, 9, 1, 15], "rotation": 90, "texture": "#soul_lantern"},
				"up": {"uv": [0, 9, 6, 15], "texture": "#soul_lantern"},
				"down": {"uv": [0, 9, 6, 15], "texture": "#soul_lantern"}
			}
		},
		{
			"name": "Foot north-west",
			"from": [5, 0, 5],
			"to": [7, 1, 6],
			"rotation": {"angle": 0, "axis": "y", "origin": [13, 8, 13]},
			"faces": {
				"north": {"uv": [0, 9, 2, 10], "texture": "#soul_lantern"},
				"east": {"uv": [0, 9, 1, 10], "texture": "#soul_lantern"},
				"south": {"uv": [0, 9, 2, 10], "texture": "#soul_lantern"},
				"west": {"uv": [0, 9, 1, 10], "texture": "#soul_lantern"},
				"down": {"uv": [0, 9, 2, 10], "texture": "#soul_lantern"}
			}
		},
		{
			"name": "Foot north-west",
			"from": [5, 0, 6],
			"to": [6, 1, 7],
			"rotation": {"angle": 0, "axis": "y", "origin": [13, 8, 14]},
			"faces": {
				"north": {"uv": [0, 0, 0, 0], "texture": "#soul_lantern"},
				"east": {"uv": [0, 10, 1, 11], "texture": "#soul_lantern"},
				"south": {"uv": [0, 10, 1, 11], "texture": "#soul_lantern"},
				"west": {"uv": [0, 10, 1, 11], "texture": "#soul_lantern"},
				"down": {"uv": [0, 10, 1, 11], "texture": "#soul_lantern"}
			}
		},
		{
			"name": "Foot north-east",
			"from": [9, 0, 5],
			"to": [11, 1, 6],
			"rotation": {"angle": 0, "axis": "y", "origin": [17, 8, 13]},
			"faces": {
				"north": {"uv": [0, 9, 2, 10], "texture": "#soul_lantern"},
				"east": {"uv": [0, 9, 1, 10], "texture": "#soul_lantern"},
				"south": {"uv": [0, 9, 2, 10], "texture": "#soul_lantern"},
				"west": {"uv": [0, 9, 1, 10], "texture": "#soul_lantern"},
				"down": {"uv": [0, 9, 2, 10], "texture": "#soul_lantern"}
			}
		},
		{
			"name": "Foot north-east",
			"from": [10, 0, 6],
			"to": [11, 1, 7],
			"rotation": {"angle": 0, "axis": "y", "origin": [18, 8, 14]},
			"faces": {
				"north": {"uv": [0, 0, 0, 0], "texture": "#soul_lantern"},
				"east": {"uv": [0, 10, 1, 11], "texture": "#soul_lantern"},
				"south": {"uv": [0, 10, 1, 11], "texture": "#soul_lantern"},
				"west": {"uv": [0, 10, 1, 11], "texture": "#soul_lantern"},
				"down": {"uv": [0, 10, 1, 11], "texture": "#soul_lantern"}
			}
		},
		{
			"name": "Foot south-east",
			"from": [9, 0, 10],
			"to": [11, 1, 11],
			"rotation": {"angle": 0, "axis": "y", "origin": [17, 8, 18]},
			"faces": {
				"north": {"uv": [0, 9, 2, 10], "texture": "#soul_lantern"},
				"east": {"uv": [0, 9, 1, 10], "texture": "#soul_lantern"},
				"south": {"uv": [0, 9, 2, 10], "texture": "#soul_lantern"},
				"west": {"uv": [0, 9, 1, 10], "texture": "#soul_lantern"},
				"down": {"uv": [0, 9, 2, 10], "texture": "#soul_lantern"}
			}
		},
		{
			"name": "Foot south-east",
			"from": [10, 0, 9],
			"to": [11, 1, 10],
			"rotation": {"angle": 0, "axis": "y", "origin": [18, 8, 17]},
			"faces": {
				"north": {"uv": [0, 9, 1, 10], "texture": "#soul_lantern"},
				"east": {"uv": [0, 10, 1, 11], "texture": "#soul_lantern"},
				"south": {"uv": [0, 10, 1, 11], "texture": "#soul_lantern"},
				"west": {"uv": [0, 10, 1, 11], "texture": "#soul_lantern"},
				"down": {"uv": [0, 10, 1, 11], "texture": "#soul_lantern"}
			}
		},
		{
			"name": "Foot south-west",
			"from": [5, 0, 10],
			"to": [7, 1, 11],
			"rotation": {"angle": 0, "axis": "y", "origin": [13, 8, 18]},
			"faces": {
				"north": {"uv": [0, 9, 2, 10], "texture": "#soul_lantern"},
				"east": {"uv": [0, 9, 1, 10], "texture": "#soul_lantern"},
				"south": {"uv": [0, 9, 2, 10], "texture": "#soul_lantern"},
				"west": {"uv": [0, 9, 1, 10], "texture": "#soul_lantern"},
				"down": {"uv": [0, 9, 2, 10], "texture": "#soul_lantern"}
			}
		},
		{
			"name": "Foot south-west",
			"from": [5, 0, 9],
			"to": [6, 1, 10],
			"rotation": {"angle": 0, "axis": "y", "origin": [13, 8, 17]},
			"faces": {
				"north": {"uv": [0, 9, 1, 10], "texture": "#soul_lantern"},
				"east": {"uv": [0, 10, 1, 11], "texture": "#soul_lantern"},
				"south": {"uv": [0, 10, 1, 11], "texture": "#soul_lantern"},
				"west": {"uv": [0, 10, 1, 11], "texture": "#soul_lantern"},
				"down": {"uv": [0, 10, 1, 11], "texture": "#soul_lantern"}
			}
		},
		{
			"name": "Windows",
			"from": [6, 1, 6],
			"to": [10, 6, 10],
			"rotation": {"angle": 0, "axis": "y", "origin": [14, 9, 14]},
			"faces": {
				"north": {"uv": [1, 3, 5, 8], "texture": "#soul_lantern"},
				"east": {"uv": [1, 3, 5, 8], "texture": "#soul_lantern"},
				"south": {"uv": [1, 3, 5, 8], "texture": "#soul_lantern"},
				"west": {"uv": [1, 3, 5, 8], "texture": "#soul_lantern"}
			}
		},
		{
			"name": "Frame north-east",
			"from": [10, 1, 5.2],
			"to": [10.8, 6, 6],
			"rotation": {"angle": 0, "axis": "y", "origin": [18, 9, 13]},
			"faces": {
				"north": {"uv": [0, 3, 1, 8], "texture": "#soul_lantern"},
				"east": {"uv": [0, 3, 1, 8], "texture": "#soul_lantern"},
				"south": {"uv": [0, 3, 1, 8], "texture": "#soul_lantern"},
				"west": {"uv": [0, 3, 1, 8], "texture": "#soul_lantern"},
				"up": {"uv": [0, 0, 0, 0], "texture": "#soul_lantern"},
				"down": {"uv": [0, 0, 0, 0], "texture": "#soul_lantern"}
			}
		},
		{
			"name": "Frame south-est",
			"from": [10, 1, 10],
			"to": [10.8, 6, 10.8],
			"rotation": {"angle": 0, "axis": "y", "origin": [18, 9, 18]},
			"faces": {
				"north": {"uv": [0, 3, 1, 8], "texture": "#soul_lantern"},
				"east": {"uv": [0, 3, 1, 8], "texture": "#soul_lantern"},
				"south": {"uv": [0, 3, 1, 8], "texture": "#soul_lantern"},
				"west": {"uv": [0, 3, 1, 8], "texture": "#soul_lantern"},
				"up": {"uv": [0, 0, 0, 0], "texture": "#soul_lantern"},
				"down": {"uv": [0, 0, 0, 0], "texture": "#soul_lantern"}
			}
		},
		{
			"name": "Frame north-west",
			"from": [5.2, 1, 5.2],
			"to": [6, 6, 6],
			"rotation": {"angle": 0, "axis": "y", "origin": [13, 9, 13]},
			"faces": {
				"north": {"uv": [0, 3, 1, 8], "texture": "#soul_lantern"},
				"east": {"uv": [0, 3, 1, 8], "texture": "#soul_lantern"},
				"south": {"uv": [0, 3, 1, 8], "texture": "#soul_lantern"},
				"west": {"uv": [0, 3, 1, 8], "texture": "#soul_lantern"}
			}
		},
		{
			"name": "Frame south-west",
			"from": [5.2, 1, 10],
			"to": [6, 6, 10.8],
			"rotation": {"angle": 0, "axis": "y", "origin": [13, 9, 18]},
			"faces": {
				"north": {"uv": [0, 3, 1, 8], "texture": "#soul_lantern"},
				"east": {"uv": [0, 3, 1, 8], "texture": "#soul_lantern"},
				"south": {"uv": [0, 3, 1, 8], "texture": "#soul_lantern"},
				"west": {"uv": [0, 3, 1, 8], "texture": "#soul_lantern"}
			}
		},
		{
			"name": "Top",
			"from": [5, 6, 5],
			"to": [11, 7, 11],
			"rotation": {"angle": 0, "axis": "y", "origin": [18, 14, 13]},
			"faces": {
				"north": {"uv": [6, 9, 12, 10], "texture": "#soul_lantern"},
				"east": {"uv": [11, 9, 12, 15], "rotation": 90, "texture": "#soul_lantern"},
				"south": {"uv": [6, 14, 12, 15], "texture": "#soul_lantern"},
				"west": {"uv": [6, 9, 7, 15], "rotation": 90, "texture": "#soul_lantern"},
				"up": {"uv": [6, 9, 12, 15], "texture": "#soul_lantern"},
				"down": {"uv": [6, 9, 12, 15], "texture": "#soul_lantern"}
			}
		},
		{
			"name": "Top",
			"from": [6, 7, 6],
			"to": [10, 8, 10],
			"rotation": {"angle": 0, "axis": "y", "origin": [14, 15, 14]},
			"faces": {
				"north": {"uv": [1, 9, 5, 10], "texture": "#soul_lantern"},
				"east": {"uv": [4, 10, 5, 14], "rotation": 90, "texture": "#soul_lantern"},
				"south": {"uv": [1, 14, 5, 15], "texture": "#soul_lantern"},
				"west": {"uv": [1, 10, 2, 14], "rotation": 90, "texture": "#soul_lantern"},
				"up": {"uv": [1, 10, 5, 14], "texture": "#soul_lantern"}
			}
		},
		{
			"name": "Top",
			"from": [7, 8, 6],
			"to": [9, 9, 10],
			"rotation": {"angle": 0, "axis": "y", "origin": [15, 16, 17]},
			"faces": {
				"north": {"uv": [2, 13, 4, 14], "texture": "#soul_lantern"},
				"east": {"uv": [3, 10, 4, 14], "rotation": 90, "texture": "#soul_lantern"},
				"south": {"uv": [2, 13, 4, 14], "texture": "#soul_lantern"},
				"west": {"uv": [3, 10, 4, 14], "rotation": 90, "texture": "#soul_lantern"},
				"up": {"uv": [2, 10, 4, 14], "texture": "#soul_lantern"}
			}
		},
		{
			"name": "Top",
			"from": [7, 7, 5],
			"to": [9, 8, 11],
			"rotation": {"angle": 0, "axis": "y", "origin": [15, 15, 13]},
			"faces": {
				"north": {"uv": [5, 11, 6, 13], "rotation": 90, "texture": "#soul_lantern"},
				"east": {"uv": [2, 9, 3, 15], "rotation": 90, "texture": "#soul_lantern"},
				"south": {"uv": [2, 14, 4, 15], "texture": "#soul_lantern"},
				"west": {"uv": [3, 9, 4, 15], "rotation": 90, "texture": "#soul_lantern"},
				"up": {"uv": [2, 9, 4, 15], "texture": "#soul_lantern"}
			}
		},
		{
			"name": "Top",
			"from": [5, 7, 7],
			"to": [11, 8, 9],
			"rotation": {"angle": 0, "axis": "y", "origin": [3, 15, 15]},
			"faces": {
				"north": {"uv": [0, 11, 6, 12], "texture": "#soul_lantern"},
				"east": {"uv": [5, 11, 6, 13], "texture": "#soul_lantern"},
				"south": {"uv": [0, 12, 6, 13], "texture": "#soul_lantern"},
				"west": {"uv": [5, 11, 6, 13], "texture": "#soul_lantern"},
				"up": {"uv": [0, 11, 6, 13], "texture": "#soul_lantern"}
			}
		},
		{
			"name": "Top",
			"from": [6, 8, 7],
			"to": [10, 9, 9],
			"rotation": {"angle": 0, "axis": "y", "origin": [-1, 16, 15]},
			"faces": {
				"north": {"uv": [1, 12, 5, 13], "texture": "#soul_lantern"},
				"east": {"uv": [1, 11, 2, 13], "texture": "#soul_lantern"},
				"south": {"uv": [1, 12, 5, 13], "texture": "#soul_lantern"},
				"west": {"uv": [2, 13, 4, 14], "texture": "#soul_lantern"},
				"up": {"uv": [1, 11, 5, 13], "texture": "#soul_lantern"}
			}
		},
		{
			"name": "Chain",
			"from": [7.75, 9, 8.5],
			"to": [8.25, 10, 9.5],
			"rotation": {"angle": 45, "axis": "y", "origin": [8, 5.5, 8]},
			"faces": {
				"north": {"uv": [11, 2, 12, 3], "texture": "#soul_lantern"},
				"east": {"uv": [11, 2, 12, 3], "texture": "#soul_lantern"},
				"south": {"uv": [11, 2, 12, 3], "texture": "#soul_lantern"},
				"west": {"uv": [11, 2, 12, 3], "texture": "#soul_lantern"}
			}
		},
		{
			"name": "Chain",
			"from": [7.75, 10, 6.5],
			"to": [8.25, 11, 9.5],
			"rotation": {"angle": 45, "axis": "y", "origin": [8, 5.5, 8]},
			"faces": {
				"north": {"uv": [13, 1, 14, 2], "texture": "#soul_lantern"},
				"east": {"uv": [11, 1, 14, 2], "texture": "#soul_lantern"},
				"south": {"uv": [11, 1, 12, 2], "texture": "#soul_lantern"},
				"west": {"uv": [11, 1, 14, 2], "rotation": 180, "texture": "#soul_lantern"},
				"up": {"uv": [11, 1, 14, 1.5], "rotation": 270, "texture": "#soul_lantern"},
				"down": {"uv": [11, 1, 14, 1.5], "rotation": 90, "texture": "#soul_lantern"}
			}
		},
		{
			"name": "Chain",
			"from": [7.75, 9, 6.5],
			"to": [8.25, 10, 7.5],
			"rotation": {"angle": 45, "axis": "y", "origin": [8, 5.5, 8]},
			"faces": {
				"north": {"uv": [13, 2, 14, 3], "texture": "#soul_lantern"},
				"east": {"uv": [13, 2, 14, 3], "texture": "#soul_lantern"},
				"south": {"uv": [13, 2, 14, 3], "texture": "#soul_lantern"},
				"west": {"uv": [13, 2, 14, 3], "texture": "#soul_lantern"}
			}
		}
	],
	"display": {
		"thirdperson_righthand": {
			"rotation": [70, 0, 0],
			"translation": [0, -1.75, -1.25],
			"scale": [0.75, 0.75, 0.75]
		},
		"thirdperson_lefthand": {
			"rotation": [70, 0, 0],
			"translation": [0, -1.75, -1.25],
			"scale": [0.75, 0.75, 0.75]
		},
		"firstperson_righthand": {
			"rotation": [0, -100, 25],
			"translation": [1.13, 3.2, 1.13],
			"scale": [0.68, 0.68, 0.68]
		},
		"firstperson_lefthand": {
			"rotation": [0, -100, 25],
			"translation": [1.13, 3.2, 1.13],
			"scale": [0.68, 0.68, 0.68]
		},
		"ground": {
			"translation": [0, 3.5, 0],
			"scale": [0.75, 0.75, 0.75]
		},
		"gui": {
			"rotation": [30, 225, 0],
			"translation": [0, 3.25, 0],
			"scale": [1.2, 1.2, 1.2]
		},
		"head": {
			"translation": [0, 14, 0]
		},
		"fixed": {
			"rotation": [0, 180, 0],
			"translation": [0, 3, 0]
		}
	},
	"groups": [
		{
			"name": "Soul Lantern",
			"origin": [8, 7, 8],
			"color": 0,
			"children": [0, 1, 2, 3, 4, 5, 6, 7, 8, 9, 10, 11, 12, 13, 14, 15, 16, 17, 18, 19, 20, 21, 22]
		}
	]
}