{
	"credit": "Made with Blockbench",
	"parent": "minecraft:block/orientable_with_bottom",
	"textures": {
		"top": "block/bee_nest_top",
		"bottom": "block/bee_nest_bottom",
		"particle": "block/bee_nest_side",
		"side": "block/bee_nest_side",
		"front": "block/bee_nest_front"
	},
	"elements": [
		{
			"from": [-0.5, 16, 0],
			"to": [0, 16.5, 16],
			"faces": {
				"north": {"uv": [0, 0, 0.5, 1], "texture": "#missing"},
				"east": {"uv": [0, 0, 16, 1], "rotation": 180, "texture": "#side"},
				"south": {"uv": [0, 0, 0.5, 1], "texture": "#missing"},
				"west": {"uv": [0, 0, 16, 1], "texture": "#side"},
				"up": {"uv": [0, 0, 16, 0.5], "rotation": 90, "texture": "#side"},
				"down": {"uv": [0, 0, 0.5, 16], "texture": "#missing"}
			}
		},
		{
			"from": [0, 16, 16],
			"to": [16, 16.5, 16.5],
			"faces": {
				"north": {"uv": [0, 0, 16, 1], "rotation": 180, "texture": "#side"},
				"east": {"uv": [0, 0, 0.5, 1], "texture": "#missing"},
				"south": {"uv": [0, 0, 16, 1], "texture": "#side"},
				"west": {"uv": [0, 0, 0.5, 1], "texture": "#missing"},
				"up": {"uv": [0, 0, 16, 0.5], "texture": "#side"},
				"down": {"uv": [0, 0, 0.5, 16], "rotation": 90, "texture": "#missing"}
			}
		},
		{
			"from": [0, 16, -0.5],
			"to": [16, 16.5, 0],
			"faces": {
				"north": {"uv": [0, 0, 16, 1], "texture": "#front"},
				"east": {"uv": [0, 0, 0.5, 1], "texture": "#missing"},
				"south": {"uv": [0, 0, 16, 1], "rotation": 180, "texture": "#front"},
				"west": {"uv": [0, 0, 0.5, 1], "texture": "#missing"},
				"up": {"uv": [0, 0, 16, 0.5], "rotation": 180, "texture": "#front"},
				"down": {"uv": [0, 0, 0.5, 16], "rotation": 270, "texture": "#missing"}
			}
		},
		{
			"from": [16, 16, 0],
			"to": [16.5, 16.5, 16],
			"faces": {
				"north": {"uv": [0, 0, 0.5, 1], "texture": "#missing"},
				"east": {"uv": [0, 0, 16, 1], "texture": "#side"},
				"south": {"uv": [0, 0, 0.5, 1], "texture": "#missing"},
				"west": {"uv": [16, 0, 0, 1], "texture": "#side"},
				"up": {"uv": [16, 0, 0, 0.5], "rotation": 90, "texture": "#side"},
				"down": {"uv": [0, 0, 0.5, 16], "texture": "#missing"}
			}
		},
		{
			"from": [-0.5, 16, -0.5],
			"to": [0, 16.5, 0],
			"faces": {
				"north": {"uv": [0, 0, 0.5, 0.5], "texture": "#side"},
				"east": {"uv": [0, 0, 0.5, 0.5], "texture": "#side"},
				"south": {"uv": [0, 0, 0.5, 0.5], "texture": "#side"},
				"west": {"uv": [0, 0, 0.5, 0.5], "texture": "#side"},
				"up": {"uv": [0, 0, 0.5, 0.5], "texture": "#side"},
				"down": {"uv": [0, 0, 0.5, 0.5], "texture": "#side"}
			}
		},
		{
			"from": [-0.5, 16, 16],
			"to": [0, 16.5, 16.5],
			"faces": {
				"north": {"uv": [0, 0, 0.5, 0.5], "texture": "#side"},
				"east": {"uv": [0, 0, 0.5, 0.5], "texture": "#side"},
				"south": {"uv": [0, 0, 0.5, 0.5], "texture": "#side"},
				"west": {"uv": [0, 0, 0.5, 0.5], "texture": "#side"},
				"up": {"uv": [0, 0, 0.5, 0.5], "texture": "#side"},
				"down": {"uv": [0, 0, 0.5, 0.5], "texture": "#side"}
			}
		},
		{
			"from": [16, 16, 16],
			"to": [16.5, 16.5, 16.5],
			"faces": {
				"north": {"uv": [0, 0, 0.5, 0.5], "texture": "#side"},
				"east": {"uv": [0, 0, 0.5, 0.5], "texture": "#side"},
				"south": {"uv": [0, 0, 0.5, 0.5], "texture": "#side"},
				"west": {"uv": [0, 0, 0.5, 0.5], "texture": "#side"},
				"up": {"uv": [0, 0, 0.5, 0.5], "texture": "#side"},
				"down": {"uv": [0, 0, 0.5, 0.5], "texture": "#side"}
			}
		},
		{
			"from": [16, 16, -0.5],
			"to": [16.5, 16.5, 0],
			"faces": {
				"north": {"uv": [0, 0, 0.5, 0.5], "texture": "#side"},
				"east": {"uv": [0, 0, 0.5, 0.5], "texture": "#side"},
				"south": {"uv": [0, 0, 0.5, 0.5], "texture": "#side"},
				"west": {"uv": [0, 0, 0.5, 0.5], "texture": "#side"},
				"up": {"uv": [0, 0, 0.5, 0.5], "texture": "#side"},
				"down": {"uv": [0, 0, 0.5, 0.5], "texture": "#side"}
			}
		},
		{
			"from": [1, 16, 1],
			"to": [3, 16.5, 15],
			"faces": {
				"north": {"uv": [1, 1, 3, 2], "texture": "#top"},
				"east": {"uv": [2, 15, 3, 1], "rotation": 270, "texture": "#top"},
				"south": {"uv": [1, 14, 3, 15], "texture": "#top"},
				"west": {"uv": [1, 1, 2, 15], "rotation": 270, "texture": "#top"},
				"up": {"uv": [1, 1, 3, 15], "texture": "#top"},
				"down": {"uv": [1, 1, 3, 15], "texture": "#top"}
			}
		},
		{
			"from": [13, 16, 1],
			"to": [15, 16.5, 15],
			"faces": {
				"north": {"uv": [13, 1, 15, 2], "texture": "#top"},
				"east": {"uv": [14, 15, 15, 1], "rotation": 270, "texture": "#top"},
				"south": {"uv": [13, 14, 15, 15], "texture": "#top"},
				"west": {"uv": [13, 1, 14, 15], "rotation": 270, "texture": "#top"},
				"up": {"uv": [13, 1, 15, 15], "texture": "#top"},
				"down": {"uv": [13, 1, 15, 15], "texture": "#top"}
			}
		},
		{
			"from": [3, 16, 13],
			"to": [13, 16.5, 15],
			"faces": {
				"north": {"uv": [13, 13, 3, 14], "texture": "#top"},
				"east": {"uv": [0, 0, 2, 1], "texture": "#missing"},
				"south": {"uv": [3, 14, 13, 15], "texture": "#top"},
				"west": {"uv": [0, 0, 2, 1], "texture": "#missing"},
				"up": {"uv": [3, 13, 13, 15], "texture": "#top"},
				"down": {"uv": [0, 0, 10, 2], "texture": "#missing"}
			}
		},
		{
			"from": [3, 16, 1],
			"to": [13, 16.5, 3],
			"faces": {
				"north": {"uv": [13, 1, 3, 2], "texture": "#top"},
				"east": {"uv": [0, 0, 2, 1], "texture": "#missing"},
				"south": {"uv": [3, 2, 13, 3], "texture": "#top"},
				"west": {"uv": [0, 0, 2, 1], "texture": "#missing"},
				"up": {"uv": [3, 1, 13, 3], "texture": "#top"},
				"down": {"uv": [0, 0, 10, 2], "texture": "#missing"}
			}
		},
		{
			"from": [4, 16, 4],
			"to": [6, 16.5, 12],
			"faces": {
				"north": {"uv": [6, 4, 4, 5], "texture": "#top"},
				"east": {"uv": [5, 4, 6, 12], "rotation": 270, "texture": "#top"},
				"south": {"uv": [4, 11, 6, 12], "texture": "#top"},
				"west": {"uv": [4, 4, 5, 12], "rotation": 270, "texture": "#top"},
				"up": {"uv": [4, 4, 6, 12], "texture": "#top"},
				"down": {"uv": [0, 0, 2, 8], "texture": "#missing"}
			}
		},
		{
			"from": [10, 16, 4],
			"to": [12, 16.5, 12],
			"faces": {
				"north": {"uv": [12, 4, 10, 5], "texture": "#top"},
				"east": {"uv": [11, 4, 12, 12], "rotation": 270, "texture": "#top"},
				"south": {"uv": [10, 11, 12, 12], "texture": "#top"},
				"west": {"uv": [10, 4, 11, 12], "rotation": 270, "texture": "#top"},
				"up": {"uv": [10, 4, 12, 12], "texture": "#top"},
				"down": {"uv": [0, 0, 2, 8], "texture": "#missing"}
			}
		},
		{
			"from": [6, 16, 4],
			"to": [10, 16.5, 6],
			"faces": {
				"north": {"uv": [6, 4, 10, 5], "texture": "#top"},
				"east": {"uv": [0, 0, 2, 1], "texture": "#missing"},
				"south": {"uv": [6, 5, 10, 6], "texture": "#top"},
				"west": {"uv": [0, 0, 2, 1], "texture": "#missing"},
				"up": {"uv": [6, 4, 10, 6], "texture": "#top"},
				"down": {"uv": [6, 4, 10, 6], "texture": "#missing"}
			}
		},
		{
			"from": [6, 16, 10],
			"to": [10, 16.5, 12],
			"faces": {
				"north": {"uv": [6, 10, 10, 11], "texture": "#top"},
				"east": {"uv": [0, 0, 2, 1], "texture": "#missing"},
				"south": {"uv": [6, 11, 10, 12], "texture": "#top"},
				"west": {"uv": [0, 0, 2, 1], "texture": "#missing"},
				"up": {"uv": [6, 10, 10, 12], "texture": "#top"},
				"down": {"uv": [6, 10, 10, 12], "texture": "#missing"}
			}
		},
		{
			"from": [7, 16, 7],
			"to": [9, 16.5, 9],
			"faces": {
				"north": {"uv": [7, 7, 9, 8], "texture": "#top"},
				"east": {"uv": [8, 7, 9, 9], "rotation": 90, "texture": "#top"},
				"south": {"uv": [8, 7, 9, 9], "rotation": 270, "texture": "#top"},
				"west": {"uv": [8, 7, 7, 9], "texture": "#top"},
				"up": {"uv": [7, 7, 9, 9], "texture": "#top"},
				"down": {"uv": [0, 0, 2, 2], "texture": "#missing"}
			}
		},
		{
			"from": [0, 13, 0],
			"to": [16, 16, 16],
			"faces": {
				"north": {"uv": [0, 0, 16, 3], "texture": "#front"},
				"east": {"uv": [0, 0, 16, 3], "texture": "#side"},
				"south": {"uv": [0, 0, 16, 3], "texture": "#side"},
				"west": {"uv": [0, 0, 16, 3], "texture": "#side"},
				"up": {"uv": [0, 0, 16, 16], "texture": "#top"},
				"down": {"uv": [0, 0, 16, 16], "texture": "#bottom"}
			}
		},
		{
			"from": [0, 0, 1],
			"to": [16, 1, 16],
			"faces": {
				"north": {"uv": [0, 15, 16, 16], "texture": "#front"},
				"east": {"uv": [0, 15, 15, 16], "texture": "#side"},
				"south": {"uv": [0, 15, 16, 16], "texture": "#side"},
				"west": {"uv": [1, 15, 16, 16], "texture": "#side"},
				"up": {"uv": [0, 1, 16, 16], "texture": "#bottom"},
				"down": {"uv": [0, 0, 16, 15], "texture": "#bottom"}
			}
		},
		{
			"from": [0, 4, 0],
			"to": [16, 5, 16],
			"faces": {
				"north": {"uv": [0, 11, 16, 12], "texture": "#front"},
				"east": {"uv": [0, 11, 16, 12], "texture": "#side"},
				"south": {"uv": [0, 11, 16, 12], "texture": "#side"},
				"west": {"uv": [0, 11, 16, 12], "texture": "#side"},
				"up": {"uv": [0, 0, 16, 16], "texture": "#top"},
				"down": {"uv": [0, 0, 16, 16], "texture": "#bottom"}
			}
		},
		{
			"from": [0, 8, 1],
			"to": [16, 9, 16],
			"faces": {
				"north": {"uv": [0, 7, 16, 8], "texture": "#front"},
				"east": {"uv": [0, 7, 15, 8], "texture": "#side"},
				"south": {"uv": [0, 7, 16, 8], "texture": "#side"},
				"west": {"uv": [1, 7, 16, 8], "texture": "#side"},
				"up": {"uv": [0, 1, 16, 16], "texture": "#top"},
				"down": {"uv": [0, 0, 16, 15], "texture": "#bottom"}
			}
		},
		{
			"from": [0, 12, 0],
			"to": [16, 13, 16],
			"faces": {
				"north": {"uv": [0, 3, 16, 4], "texture": "#front"},
				"east": {"uv": [0, 3, 16, 4], "texture": "#side"},
				"south": {"uv": [0, 3, 16, 4], "texture": "#side"},
				"west": {"uv": [0, 3, 16, 4], "texture": "#side"},
				"up": {"uv": [0, 0, 16, 16], "texture": "#top"},
				"down": {"uv": [0, 0, 16, 16], "texture": "#bottom"}
			}
		},
		{
			"from": [0, 9, 2],
			"to": [16, 12, 16],
			"faces": {
				"north": {"uv": [0, 4, 16, 7], "texture": "#front"},
				"east": {"uv": [0, 4, 14, 7], "texture": "#side"},
				"south": {"uv": [0, 4, 16, 7], "texture": "#side"},
				"west": {"uv": [2, 4, 16, 7], "texture": "#side"},
				"up": {"uv": [0, 2, 16, 16], "texture": "#top"},
				"down": {"uv": [0, 0, 16, 14], "texture": "#bottom"}
			}
		},
		{
			"from": [0, 5, 0],
			"to": [16, 8, 16],
			"faces": {
				"north": {"uv": [0, 8, 16, 11], "texture": "#front"},
				"east": {"uv": [0, 8, 16, 11], "texture": "#side"},
				"south": {"uv": [0, 8, 16, 11], "texture": "#side"},
				"west": {"uv": [0, 8, 16, 11], "texture": "#side"},
				"up": {"uv": [0, 0, 16, 16], "texture": "#bottom"},
				"down": {"uv": [0, 0, 16, 16], "texture": "#bottom"}
			}
		},
		{
			"from": [0, 1, 2],
			"to": [16, 4, 16],
			"faces": {
				"north": {"uv": [0, 12, 16, 15], "texture": "#front"},
				"east": {"uv": [0, 12, 14, 15], "texture": "#side"},
				"south": {"uv": [0, 12, 16, 15], "texture": "#side"},
				"west": {"uv": [2, 12, 16, 15], "texture": "#side"},
				"up": {"uv": [0, 2, 16, 16], "texture": "#top"},
				"down": {"uv": [0, 0, 16, 14], "texture": "#bottom"}
			}
		},
		{
			"from": [-0.5, 1, 2],
			"to": [0, 4, 16],
			"faces": {
				"north": {"uv": [2, 12, 3, 15], "texture": "#side"},
				"east": {"uv": [0, 0, 14, 3], "texture": "#missing"},
				"south": {"uv": [15, 12, 16, 15], "texture": "#side"},
				"west": {"uv": [2, 12, 16, 15], "texture": "#side"},
				"up": {"uv": [2, 12, 16, 13], "rotation": 90, "texture": "#side"},
				"down": {"uv": [16, 14, 2, 15], "rotation": 90, "texture": "#side"}
			}
		},
		{
			"from": [-0.5, 5, 0],
			"to": [0, 8, 16],
			"faces": {
				"north": {"uv": [0, 8, 1, 11], "texture": "#side"},
				"east": {"uv": [0, 0, 14, 3], "texture": "#missing"},
				"south": {"uv": [15, 8, 16, 11], "texture": "#side"},
				"west": {"uv": [0, 8, 16, 11], "texture": "#side"},
				"up": {"uv": [0, 8, 16, 9], "rotation": 90, "texture": "#side"},
				"down": {"uv": [16, 10, 0, 11], "rotation": 90, "texture": "#side"}
			}
		},
		{
			"from": [-0.5, 9, 2],
			"to": [0, 12, 16],
			"faces": {
				"north": {"uv": [2, 4, 3, 7], "texture": "#side"},
				"east": {"uv": [0, 0, 14, 3], "texture": "#missing"},
				"south": {"uv": [15, 4, 16, 7], "texture": "#side"},
				"west": {"uv": [2, 4, 16, 7], "texture": "#side"},
				"up": {"uv": [2, 4, 16, 5], "rotation": 90, "texture": "#side"},
				"down": {"uv": [16, 6, 2, 7], "rotation": 90, "texture": "#side"}
			}
		},
		{
			"from": [-0.5, 13, 0],
			"to": [0, 16, 16],
			"faces": {
				"north": {"uv": [0, 0, 1, 3], "texture": "#side"},
				"east": {"uv": [0, 0, 14, 3], "texture": "#missing"},
				"south": {"uv": [15, 0, 16, 3], "texture": "#side"},
				"west": {"uv": [0, 0, 16, 3], "texture": "#side"},
				"up": {"uv": [0, 0, 16, 1], "rotation": 90, "texture": "#side"},
				"down": {"uv": [16, 2, 0, 3], "rotation": 90, "texture": "#side"}
			}
		},
		{
			"from": [16, 1, 2],
			"to": [16.5, 4, 16],
			"faces": {
				"north": {"uv": [13, 12, 14, 15], "texture": "#side"},
				"east": {"uv": [0, 12, 14, 15], "texture": "#side"},
				"south": {"uv": [0, 12, 1, 15], "texture": "#side"},
				"west": {"uv": [0, 0, 14, 3], "texture": "#missing"},
				"up": {"uv": [0, 12, 14, 13], "rotation": 270, "texture": "#side"},
				"down": {"uv": [14, 14, 0, 15], "rotation": 270, "texture": "#side"}
			}
		},
		{
			"from": [16, 5, 0],
			"to": [16.5, 8, 16],
			"faces": {
				"north": {"uv": [15, 8, 16, 11], "texture": "#side"},
				"east": {"uv": [0, 8, 16, 11], "texture": "#side"},
				"south": {"uv": [0, 8, 1, 11], "texture": "#side"},
				"west": {"uv": [0, 0, 14, 3], "texture": "#missing"},
				"up": {"uv": [0, 8, 16, 9], "rotation": 270, "texture": "#side"},
				"down": {"uv": [16, 10, 0, 11], "rotation": 270, "texture": "#side"}
			}
		},
		{
			"from": [16, 9, 2],
			"to": [16.5, 12, 16],
			"faces": {
				"north": {"uv": [13, 4, 14, 7], "texture": "#side"},
				"east": {"uv": [0, 4, 14, 7], "texture": "#side"},
				"south": {"uv": [0, 4, 1, 7], "texture": "#side"},
				"west": {"uv": [0, 0, 14, 3], "texture": "#missing"},
				"up": {"uv": [0, 4, 14, 5], "rotation": 270, "texture": "#side"},
				"down": {"uv": [14, 6, 0, 7], "rotation": 270, "texture": "#side"}
			}
		},
		{
			"from": [16, 13, 0],
			"to": [16.5, 16, 16],
			"faces": {
				"north": {"uv": [15, 0, 16, 3], "texture": "#side"},
				"east": {"uv": [0, 0, 16, 3], "texture": "#side"},
				"south": {"uv": [0, 0, 1, 3], "texture": "#side"},
				"west": {"uv": [0, 0, 14, 3], "texture": "#missing"},
				"up": {"uv": [0, 0, 16, 1], "rotation": 270, "texture": "#side"},
				"down": {"uv": [16, 2, 0, 3], "rotation": 270, "texture": "#side"}
			}
		},
		{
			"from": [0, 1, 16],
			"to": [16, 4, 16.5],
			"faces": {
				"north": {"uv": [0, 0, 14, 3], "texture": "#missing"},
				"east": {"uv": [15, 12, 16, 15], "texture": "#side"},
				"south": {"uv": [0, 12, 16, 15], "texture": "#side"},
				"west": {"uv": [0, 12, 1, 15], "texture": "#side"},
				"up": {"uv": [0, 12, 16, 13], "texture": "#side"},
				"down": {"uv": [16, 14, 0, 15], "rotation": 180, "texture": "#side"}
			}
		},
		{
			"from": [0, 5, 16],
			"to": [16, 8, 16.5],
			"faces": {
				"north": {"uv": [0, 0, 14, 3], "texture": "#missing"},
				"east": {"uv": [15, 8, 16, 11], "texture": "#side"},
				"south": {"uv": [0, 8, 16, 11], "texture": "#side"},
				"west": {"uv": [0, 8, 1, 11], "texture": "#side"},
				"up": {"uv": [0, 8, 16, 9], "texture": "#side"},
				"down": {"uv": [16, 10, 0, 11], "rotation": 180, "texture": "#side"}
			}
		},
		{
			"from": [0, 9, 16],
			"to": [16, 12, 16.5],
			"faces": {
				"north": {"uv": [0, 0, 14, 3], "texture": "#missing"},
				"east": {"uv": [15, 4, 16, 7], "texture": "#side"},
				"south": {"uv": [0, 4, 16, 7], "texture": "#side"},
				"west": {"uv": [0, 4, 1, 7], "texture": "#side"},
				"up": {"uv": [0, 4, 16, 5], "texture": "#side"},
				"down": {"uv": [16, 6, 0, 7], "rotation": 180, "texture": "#side"}
			}
		},
		{
			"from": [0, 13, 16],
			"to": [16, 16, 16.5],
			"faces": {
				"north": {"uv": [0, 0, 14, 3], "texture": "#missing"},
				"east": {"uv": [15, 0, 16, 3], "texture": "#side"},
				"south": {"uv": [0, 0, 16, 3], "texture": "#side"},
				"west": {"uv": [0, 0, 1, 3], "texture": "#side"},
				"up": {"uv": [0, 0, 16, 1], "texture": "#side"},
				"down": {"uv": [16, 2, 0, 3], "rotation": 180, "texture": "#side"}
			}
		},
		{
			"from": [-0.5, 1, 16],
			"to": [0, 4, 16.5],
			"faces": {
				"north": {"uv": [0, 0, 0.5, 3], "texture": "#missing"},
				"east": {"uv": [0, 0, 0.5, 3], "texture": "#missing"},
				"south": {"uv": [0, 12, 0.5, 15], "texture": "#side"},
				"west": {"uv": [15.5, 12, 16, 15], "texture": "#side"},
				"up": {"uv": [0, 12, 0.5, 12.5], "texture": "#side"},
				"down": {"uv": [0, 14.5, 0.5, 15], "texture": "#side"}
			}
		},
		{
			"from": [-0.5, 5, 16],
			"to": [0, 8, 16.5],
			"faces": {
				"north": {"uv": [0, 0, 0.5, 3], "texture": "#missing"},
				"east": {"uv": [0, 0, 0.5, 3], "texture": "#missing"},
				"south": {"uv": [0, 8, 0.5, 11], "texture": "#side"},
				"west": {"uv": [15.5, 8, 16, 11], "texture": "#side"},
				"up": {"uv": [0, 8, 0.5, 8.5], "texture": "#side"},
				"down": {"uv": [0, 10.5, 0.5, 11], "texture": "#side"}
			}
		},
		{
			"from": [-0.5, 9, 16],
			"to": [0, 12, 16.5],
			"faces": {
				"north": {"uv": [0, 0, 0.5, 3], "texture": "#missing"},
				"east": {"uv": [0, 0, 0.5, 3], "texture": "#missing"},
				"south": {"uv": [0, 4, 0.5, 7], "texture": "#side"},
				"west": {"uv": [15.5, 4, 16, 7], "texture": "#side"},
				"up": {"uv": [0, 4, 0.5, 4.5], "texture": "#side"},
				"down": {"uv": [0, 6.5, 0.5, 7], "texture": "#side"}
			}
		},
		{
			"from": [-0.5, 13, 16],
			"to": [0, 16, 16.5],
			"faces": {
				"north": {"uv": [0, 0, 0.5, 3], "texture": "#missing"},
				"east": {"uv": [0, 0, 0.5, 3], "texture": "#missing"},
				"south": {"uv": [0, 0, 0.5, 3], "texture": "#side"},
				"west": {"uv": [15.5, 0, 16, 3], "texture": "#side"},
				"up": {"uv": [0, 0, 0.5, 0.5], "texture": "#side"},
				"down": {"uv": [0, 2.5, 0.5, 3], "texture": "#side"}
			}
		},
		{
			"from": [16, 1, 16],
			"to": [16.5, 4, 16.5],
			"faces": {
				"north": {"uv": [0, 0, 0.5, 3], "texture": "#missing"},
				"east": {"uv": [0, 12, 0.5, 15], "texture": "#side"},
				"south": {"uv": [15.5, 12, 16, 15], "texture": "#side"},
				"west": {"uv": [0, 0, 0.5, 3], "texture": "#missing"},
				"up": {"uv": [0, 12, 0.5, 12.5], "rotation": 270, "texture": "#side"},
				"down": {"uv": [0, 14.5, 0.5, 15], "rotation": 90, "texture": "#side"}
			}
		},
		{
			"from": [16, 5, 16],
			"to": [16.5, 8, 16.5],
			"faces": {
				"north": {"uv": [0, 0, 0.5, 3], "texture": "#missing"},
				"east": {"uv": [0, 8, 0.5, 11], "texture": "#side"},
				"south": {"uv": [15.5, 8, 16, 11], "texture": "#side"},
				"west": {"uv": [0, 0, 0.5, 3], "texture": "#missing"},
				"up": {"uv": [0, 8, 0.5, 8.5], "rotation": 270, "texture": "#side"},
				"down": {"uv": [0, 10.5, 0.5, 11], "rotation": 90, "texture": "#side"}
			}
		},
		{
			"from": [16, 9, 16],
			"to": [16.5, 12, 16.5],
			"faces": {
				"north": {"uv": [0, 0, 0.5, 3], "texture": "#missing"},
				"east": {"uv": [0, 4, 0.5, 7], "texture": "#side"},
				"south": {"uv": [15.5, 4, 16, 7], "texture": "#side"},
				"west": {"uv": [0, 0, 0.5, 3], "texture": "#missing"},
				"up": {"uv": [0, 4, 0.5, 4.5], "rotation": 270, "texture": "#side"},
				"down": {"uv": [0, 6.5, 0.5, 7], "rotation": 90, "texture": "#side"}
			}
		},
		{
			"from": [16, 13, 16],
			"to": [16.5, 16, 16.5],
			"faces": {
				"north": {"uv": [0, 0, 0.5, 3], "texture": "#missing"},
				"east": {"uv": [0, 0, 0.5, 3], "texture": "#side"},
				"south": {"uv": [15.5, 0, 16, 3], "texture": "#side"},
				"west": {"uv": [0, 0, 0.5, 3], "texture": "#missing"},
				"up": {"uv": [0, 0, 0.5, 0.5], "rotation": 270, "texture": "#side"},
				"down": {"uv": [0, 2.5, 0.5, 3], "rotation": 90, "texture": "#side"}
			}
		},
		{
			"from": [16, 1, 0],
			"to": [16.5, 4, 2],
			"faces": {
				"north": {"uv": [15.5, 12, 16, 15], "texture": "#side"},
				"east": {"uv": [14, 12, 16, 15], "texture": "#side"},
				"south": {"uv": [0, 0, 0.5, 3], "texture": "#missing"},
				"west": {"uv": [0, 12, 2, 15], "texture": "#side"},
				"up": {"uv": [14, 12, 16, 12.5], "rotation": 270, "texture": "#side"},
				"down": {"uv": [14, 14.25, 16, 14.75], "rotation": 90, "texture": "#side"}
			}
		},
		{
			"from": [16, 1, -0.5],
			"to": [16.5, 4, 0],
			"faces": {
				"north": {"uv": [0, 12, 0.5, 15], "texture": "#front"},
				"east": {"uv": [15.5, 12, 16, 15], "texture": "#side"},
				"south": {"uv": [0, 0, 0.5, 3], "texture": "#missing"},
				"west": {"uv": [0, 12, 2, 15], "texture": "#side"},
				"up": {"uv": [15.5, 12, 16, 12.75], "rotation": 270, "texture": "#side"},
				"down": {"uv": [15.5, 14.25, 16, 14.75], "rotation": 90, "texture": "#side"}
			}
		},
		{
			"from": [16, 5, -0.5],
			"to": [16.5, 8, 0],
			"faces": {
				"north": {"uv": [0, 8, 0.5, 11], "texture": "#side"},
				"east": {"uv": [15.5, 8, 16, 11], "texture": "#side"},
				"south": {"uv": [0, 0, 0.5, 3], "texture": "#missing"},
				"west": {"uv": [0, 0, 0.5, 3], "texture": "#missing"},
				"up": {"uv": [0, 8, 0.5, 8.5], "rotation": 180, "texture": "#side"},
				"down": {"uv": [0, 10.5, 0.5, 11], "rotation": 180, "texture": "#side"}
			}
		},
		{
			"from": [16, 9, 0],
			"to": [16.5, 12, 2],
			"faces": {
				"north": {"uv": [0, 4, 0.5, 7], "texture": "#front"},
				"east": {"uv": [14, 4, 16, 7], "texture": "#side"},
				"south": {"uv": [16, 4, 16.5, 7], "texture": "#missing"},
				"west": {"uv": [-0.25, 4, 1.75, 7], "texture": "#side"},
				"up": {"uv": [14, 4.25, 16, 4.75], "rotation": 90, "texture": "#side"},
				"down": {"uv": [16, 6.5, 14, 6], "rotation": 270, "texture": "#side"}
			}
		},
		{
			"from": [16, 9, -0.5],
			"to": [16.5, 12, 0],
			"faces": {
				"north": {"uv": [0, 4, 0.5, 7], "texture": "#front"},
				"east": {"uv": [15.5, 4, 16, 7], "texture": "#side"},
				"south": {"uv": [16, 4, 16.5, 7], "texture": "#missing"},
				"west": {"uv": [-0.25, 4, 1.75, 7], "texture": "#side"},
				"up": {"uv": [15.5, 4, 16, 4.5], "rotation": 90, "texture": "#side"},
				"down": {"uv": [16, 6.75, 15.25, 6], "rotation": 270, "texture": "#side"}
			}
		},
		{
			"from": [16, 13, -0.5],
			"to": [16.5, 16, 0],
			"faces": {
				"north": {"uv": [0, 0, 0.5, 3], "texture": "#side"},
				"east": {"uv": [15.5, 0, 16, 3], "texture": "#side"},
				"south": {"uv": [0, 0, 0.5, 3], "texture": "#missing"},
				"west": {"uv": [0, 0, 0.5, 3], "texture": "#missing"},
				"up": {"uv": [0, 0, 0.5, 0.5], "rotation": 180, "texture": "#side"},
				"down": {"uv": [0, 2.5, 0.5, 3], "rotation": 180, "texture": "#side"}
			}
		},
		{
			"from": [-0.5, 1, 0],
			"to": [0, 4, 2],
			"faces": {
				"north": {"uv": [15.5, 12, 16, 15], "texture": "#front"},
				"east": {"uv": [0, 12, 2, 15], "texture": "#side"},
				"south": {"uv": [0, 12, 0.5, 15], "texture": "#side"},
				"west": {"uv": [0, 12, 2, 15], "texture": "#side"},
				"up": {"uv": [0, 12, 2, 12.5], "rotation": 90, "texture": "#side"},
				"down": {"uv": [0, 14.25, 2, 14.75], "rotation": 270, "texture": "#side"}
			}
		},
		{
			"from": [-0.5, 1, -0.5],
			"to": [0, 4, 0],
			"faces": {
				"north": {"uv": [15.5, 12, 16, 15], "texture": "#front"},
				"east": {"uv": [0, 12, 2, 15], "texture": "#side"},
				"south": {"uv": [0, 12, 0.5, 15], "texture": "#side"},
				"west": {"uv": [0, 12, 0.5, 15], "texture": "#side"},
				"up": {"uv": [0, 12, 0.5, 12.5], "rotation": 90, "texture": "#side"},
				"down": {"uv": [0, 14.25, 0.5, 14.75], "rotation": 270, "texture": "#side"}
			}
		},
		{
			"from": [-0.5, 5, -0.5],
			"to": [0, 8, 0],
			"faces": {
				"north": {"uv": [15.5, 8, 16, 11], "texture": "#front"},
				"east": {"uv": [0, 0, 0.5, 3], "texture": "#missing"},
				"south": {"uv": [0, 8, 0.5, 11], "texture": "#side"},
				"west": {"uv": [15.5, 8, 16, 11], "texture": "#side"},
				"up": {"uv": [0, 8, 0.5, 8.5], "texture": "#side"},
				"down": {"uv": [0, 10.5, 0.5, 11], "texture": "#side"}
			}
		},
		{
			"from": [-0.5, 9, 0],
			"to": [0, 12, 2],
			"faces": {
				"north": {"uv": [15.5, 4, 16, 7], "texture": "#front"},
				"east": {"uv": [-0.25, 4, 1.75, 7], "texture": "#side"},
				"south": {"uv": [0, 4, 0.5, 7], "texture": "#front"},
				"west": {"uv": [0, 4, 2, 7], "texture": "#side"},
				"up": {"uv": [0, 4.25, 2, 4.75], "rotation": 270, "texture": "#side"},
				"down": {"uv": [2, 6.5, 0, 6], "rotation": 90, "texture": "#side"}
			}
		},
		{
			"from": [-0.5, 9, -0.5],
			"to": [0, 12, 0],
			"faces": {
				"north": {"uv": [15.5, 4, 16, 7], "texture": "#front"},
				"east": {"uv": [-0.25, 4, 1.75, 7], "texture": "#side"},
				"south": {"uv": [0, 4, 0.5, 7], "texture": "#front"},
				"west": {"uv": [0, 4, 0.5, 7], "texture": "#side"},
				"up": {"uv": [0, 4.25, 0.5, 4.75], "rotation": 270, "texture": "#side"},
				"down": {"uv": [0.5, 6.5, 0, 6], "rotation": 90, "texture": "#side"}
			}
		},
		{
			"from": [-0.5, 13, -0.5],
			"to": [0, 16, 0],
			"faces": {
				"north": {"uv": [15.5, 0, 16, 3], "texture": "#front"},
				"east": {"uv": [0, 0, 0.5, 3], "texture": "#missing"},
				"south": {"uv": [0, 0, 0.5, 3], "texture": "#side"},
				"west": {"uv": [0, 0, 0.5, 3], "texture": "#side"},
				"up": {"uv": [0, 0, 0.5, 0.5], "texture": "#side"},
				"down": {"uv": [0, 2.5, 0.5, 3], "texture": "#side"}
			}
		},
		{
			"from": [0, 0, 0],
			"to": [10, 1, 1],
			"faces": {
				"north": {"uv": [6, 15, 16, 16], "texture": "#front"},
				"east": {"uv": [6, 15, 7, 16], "texture": "#front"},
				"south": {"uv": [6, 15, 16, 16], "texture": "#front"},
				"west": {"uv": [0, 15, 1, 16], "texture": "#side"},
				"up": {"uv": [6, 15, 16, 16], "texture": "#front"},
				"down": {"uv": [6, 15, 16, 16], "texture": "#front"}
			}
		},
		{
			"from": [6, 8, 0],
			"to": [16, 9, 1],
			"faces": {
				"north": {"uv": [0, 7, 10, 8], "texture": "#front"},
				"east": {"uv": [15, 7, 16, 8], "texture": "#side"},
				"south": {"uv": [0, 7, 10, 8], "texture": "#front"},
				"west": {"uv": [9, 7, 10, 8], "texture": "#front"},
				"up": {"uv": [10, 7, 0, 8], "texture": "#front"},
				"down": {"uv": [10, 7, 0, 8], "texture": "#front"}
			}
		},
		{
			"from": [15, 0, 0],
			"to": [16, 1, 1],
			"faces": {
				"north": {"uv": [0, 15, 1, 16], "texture": "#front"},
				"east": {"uv": [15, 15, 16, 16], "texture": "#side"},
				"south": {"uv": [0, 15, 1, 16], "texture": "#front"},
				"west": {"uv": [0, 15, 1, 16], "texture": "#front"},
				"up": {"uv": [0, 15, 1, 16], "texture": "#front"},
				"down": {"uv": [0, 15, 1, 16], "texture": "#front"}
			}
		},
		{
			"from": [0, 8, 0],
			"to": [1, 9, 1],
			"faces": {
				"north": {"uv": [15, 7, 16, 8], "texture": "#front"},
				"east": {"uv": [15, 7, 16, 8], "texture": "#front"},
				"south": {"uv": [15, 7, 16, 8], "texture": "#front"},
				"west": {"uv": [0, 7, 1, 8], "texture": "#side"},
				"up": {"uv": [15, 7, 16, 8], "texture": "#front"},
				"down": {"uv": [15, 7, 16, 8], "texture": "#front"}
			}
		},
		{
			"from": [0, 5, -0.5],
			"to": [16, 8, 0],
			"faces": {
				"north": {"uv": [0, 8, 16, 11], "texture": "#front"},
				"east": {"uv": [0, 8, 1, 11], "texture": "#front"},
				"south": {"uv": [0, 0, 14, 3], "texture": "#missing"},
				"west": {"uv": [15, 8, 16, 11], "texture": "#front"},
				"up": {"uv": [0, 8, 16, 9], "rotation": 180, "texture": "#front"},
				"down": {"uv": [16, 10, 0, 11], "texture": "#front"}
			}
		},
		{
			"from": [0, 13, -0.5],
			"to": [16, 16, 0],
			"faces": {
				"north": {"uv": [0, 0, 16, 3], "texture": "#front"},
				"east": {"uv": [0, 0, 1, 3], "texture": "#front"},
				"south": {"uv": [0, 0, 14, 3], "texture": "#missing"},
				"west": {"uv": [15, 0, 16, 3], "texture": "#front"},
				"up": {"uv": [0, 0, 16, 1], "rotation": 180, "texture": "#front"},
				"down": {"uv": [16, 2, 0, 3], "texture": "#front"}
			}
		},
		{
			"from": [6, 9, -0.5],
			"to": [16, 12, 2],
			"faces": {
				"north": {"uv": [0, 4, 10, 7], "texture": "#front"},
				"east": {"uv": [0, 0, 2.5, 3], "texture": "#missing"},
				"south": {"uv": [0, 0, 10, 3], "texture": "#missing"},
				"west": {"uv": [9, 4, 11.5, 7], "texture": "#front"},
				"up": {"uv": [10, 4, 0, 6.5], "texture": "#front"},
				"down": {"uv": [0, 4.5, 10, 7], "texture": "#front"}
			}
		},
		{
			"from": [0, 9, -0.5],
			"to": [1, 12, 2],
			"faces": {
				"north": {"uv": [15, 4, 16, 7], "texture": "#front"},
				"east": {"uv": [13.5, 4, 16, 7], "texture": "#front"},
				"south": {"uv": [0, 0, 1, 3], "texture": "#missing"},
				"west": {"uv": [0, 4, 2, 7], "texture": "#side"},
				"up": {"uv": [15, 4, 16, 6.5], "texture": "#front"},
				"down": {"uv": [15, 4, 16, 6.5], "texture": "#front"}
			}
		},
		{
			"from": [0, 1, -0.5],
			"to": [10, 4, 2],
			"faces": {
				"north": {"uv": [6, 12, 16, 15], "texture": "#front"},
				"east": {"uv": [4.75, 12, 7.25, 15], "texture": "#front"},
				"south": {"uv": [0, 0, 10, 3], "texture": "#missing"},
				"west": {"uv": [0, 12, 2.5, 15], "texture": "#side"},
				"up": {"uv": [16, 12, 6, 14.5], "texture": "#front"},
				"down": {"uv": [16, 12, 6, 14.5], "texture": "#front"}
			}
		},
		{
			"from": [15, 1, -0.5],
			"to": [16, 4, 2],
			"faces": {
				"north": {"uv": [0, 12, 1, 15], "texture": "#front"},
				"east": {"uv": [16, 12, 13.5, 15], "texture": "#side"},
				"south": {"uv": [0, 0, 1, 3], "texture": "#missing"},
				"west": {"uv": [0, 12, 2.5, 15], "texture": "#front"},
				"up": {"uv": [0, 12, 1, 14.5], "texture": "#front"},
				"down": {"uv": [0, 12.5, 1, 15], "texture": "#front"}
			}
		},
		{
			"from": [1, 8, 0.25],
			"to": [6, 9, 1],
			"faces": {
				"north": {"uv": [10, 7, 15, 8], "texture": "#front"},
				"east": {"uv": [0, 0, 0.75, 1], "texture": "#missing"},
				"south": {"uv": [0, 0, 5, 1], "texture": "#missing"},
				"west": {"uv": [0, 0, 0.75, 1], "texture": "#missing"},
				"up": {"uv": [15, 7, 10, 7.75], "texture": "#front"},
				"down": {"uv": [0, 0, 5, 0.75], "texture": "#missing"}
			}
		},
		{
			"from": [1, 9, 0.25],
			"to": [2, 12, 1],
			"faces": {
				"north": {"uv": [14, 4, 15, 7], "texture": "#front"},
				"east": {"uv": [14, 4, 14.75, 7], "texture": "#front"},
				"south": {"uv": [0, 0, 1, 3], "texture": "#missing"},
				"west": {"uv": [0, 0, 0.75, 3], "texture": "#missing"},
				"up": {"uv": [0, 0, 1, 0.75], "texture": "#missing"},
				"down": {"uv": [0, 0, 1, 0.75], "texture": "#missing"}
			}
		},
		{
			"from": [5, 9, 0.25],
			"to": [6, 12, 1],
			"faces": {
				"north": {"uv": [10, 4, 11, 7], "texture": "#front"},
				"east": {"uv": [0, 0, 0.75, 3], "texture": "#missing"},
				"south": {"uv": [0, 0, 1, 3], "texture": "#missing"},
				"west": {"uv": [10, 4, 10.75, 7], "texture": "#front"},
				"up": {"uv": [0, 0, 1, 0.75], "texture": "#missing"},
				"down": {"uv": [0, 0, 1, 0.75], "texture": "#missing"}
			}
		},
		{
			"from": [2, 9, 1],
			"to": [5, 12, 2],
			"faces": {
				"north": {"uv": [11, 4, 14, 7], "texture": "#front"},
				"east": {"uv": [0, 0, 1, 3], "texture": "#missing"},
				"south": {"uv": [0, 0, 3, 3], "texture": "#missing"},
				"west": {"uv": [0, 0, 1, 3], "texture": "#missing"},
				"up": {"uv": [0, 0, 3, 1], "texture": "#missing"},
				"down": {"uv": [0, 0, 3, 1], "texture": "#missing"}
			}
		},
		{
			"from": [10, 0, 0.25],
			"to": [15, 1, 1],
			"faces": {
				"north": {"uv": [1, 15, 6, 16], "texture": "#front"},
				"east": {"uv": [0, 8, 0.75, 9], "texture": "#missing"},
				"south": {"uv": [0, 0, 5, 1], "texture": "#missing"},
				"west": {"uv": [0, 8, 0.75, 9], "texture": "#missing"},
				"up": {"uv": [6, 15, 1, 15.75], "texture": "#front"},
				"down": {"uv": [6, 15.25, 1, 16], "texture": "#front"}
			}
		},
		{
			"from": [10, 1, 0.25],
			"to": [11, 4, 1],
			"faces": {
				"north": {"uv": [5, 12, 6, 15], "texture": "#front"},
				"east": {"uv": [5, 12, 5.75, 15], "texture": "#front"},
				"south": {"uv": [0, 0, 1, 3], "texture": "#missing"},
				"west": {"uv": [0, 8, 0.75, 11], "texture": "#missing"},
				"up": {"uv": [0, 8, 1, 8.75], "texture": "#missing"},
				"down": {"uv": [0, 0, 1, 0.75], "texture": "#missing"}
			}
		},
		{
			"from": [14, 1, 0.25],
			"to": [15, 4, 1],
			"faces": {
				"north": {"uv": [1, 12, 2, 15], "texture": "#front"},
				"east": {"uv": [0, 8, 0.75, 11], "texture": "#missing"},
				"south": {"uv": [0, 0, 1, 3], "texture": "#missing"},
				"west": {"uv": [1, 12, 1.75, 15], "texture": "#front"},
				"up": {"uv": [0, 8, 1, 8.75], "texture": "#missing"},
				"down": {"uv": [0, 0, 1, 0.75], "texture": "#missing"}
			}
		},
		{
			"from": [11, 1, 1],
			"to": [14, 4, 2],
			"faces": {
				"north": {"uv": [2, 12, 5, 15], "texture": "#front"},
				"east": {"uv": [0, 8, 1, 11], "texture": "#missing"},
				"south": {"uv": [0, 0, 3, 3], "texture": "#missing"},
				"west": {"uv": [0, 8, 1, 11], "texture": "#missing"},
				"up": {"uv": [0, 8, 3, 9], "texture": "#missing"},
				"down": {"uv": [0, 0, 3, 1], "texture": "#missing"}
			}
		},
		{
			"from": [1, -0.5, 1],
			"to": [3, 0, 15],
			"faces": {
				"north": {"uv": [1, 1, 3, 2], "texture": "#bottom"},
				"east": {"uv": [2, 15, 3, 1], "rotation": 270, "texture": "#bottom"},
				"south": {"uv": [1, 14, 3, 15], "texture": "#bottom"},
				"west": {"uv": [1, 1, 2, 15], "rotation": 270, "texture": "#bottom"},
				"up": {"uv": [0, 0, 2, 14], "texture": "#missing"},
				"down": {"uv": [1, 15, 3, 1], "texture": "#bottom"}
			}
		},
		{
			"from": [13, -0.5, 1],
			"to": [15, 0, 15],
			"faces": {
				"north": {"uv": [13, 1, 15, 2], "texture": "#bottom"},
				"east": {"uv": [14, 15, 15, 1], "rotation": 270, "texture": "#bottom"},
				"south": {"uv": [13, 14, 15, 15], "texture": "#bottom"},
				"west": {"uv": [13, 1, 14, 15], "rotation": 270, "texture": "#bottom"},
				"up": {"uv": [12, 0, 14, 14], "texture": "#missing"},
				"down": {"uv": [13, 15, 15, 1], "texture": "#bottom"}
			}
		},
		{
			"from": [3, -0.5, 13],
			"to": [13, 0, 15],
			"faces": {
				"north": {"uv": [3, 13, 13, 14], "texture": "#bottom"},
				"east": {"uv": [3, 13, 4, 15], "rotation": 90, "texture": "#bottom"},
				"south": {"uv": [13, 14, 3, 15], "texture": "#bottom"},
				"west": {"uv": [12, 13, 13, 15], "rotation": 90, "texture": "#bottom"},
				"up": {"uv": [1, 0, 15, 2], "rotation": 180, "texture": "#missing"},
				"down": {"uv": [13, 15, 3, 13], "texture": "#bottom"}
			}
		},
		{
			"from": [3, -0.5, 1],
			"to": [13, 0, 3],
			"faces": {
				"north": {"uv": [3, 1, 13, 2], "texture": "#bottom"},
				"east": {"uv": [3, 1, 4, 3], "rotation": 90, "texture": "#bottom"},
				"south": {"uv": [13, 2, 3, 3], "texture": "#bottom"},
				"west": {"uv": [12, 1, 13, 3], "rotation": 90, "texture": "#bottom"},
				"up": {"uv": [1, 0, 15, 2], "rotation": 180, "texture": "#missing"},
				"down": {"uv": [13, 3, 3, 1], "texture": "#bottom"}
			}
		},
		{
			"from": [4, -0.5, 4],
			"to": [6, 0, 12],
			"faces": {
				"north": {"uv": [6, 4, 4, 5], "texture": "#bottom"},
				"east": {"uv": [5, 4, 6, 12], "rotation": 270, "texture": "#bottom"},
				"south": {"uv": [4, 11, 6, 12], "texture": "#bottom"},
				"west": {"uv": [4, 4, 5, 12], "rotation": 270, "texture": "#bottom"},
				"up": {"uv": [0, 0, 2, 8], "texture": "#missing"},
				"down": {"uv": [4, 4, 6, 12], "texture": "#bottom"}
			}
		},
		{
			"from": [10, -0.5, 4],
			"to": [12, 0, 12],
			"faces": {
				"north": {"uv": [12, 4, 10, 5], "texture": "#bottom"},
				"east": {"uv": [11, 4, 12, 12], "rotation": 270, "texture": "#bottom"},
				"south": {"uv": [10, 11, 12, 12], "texture": "#bottom"},
				"west": {"uv": [10, 4, 11, 12], "rotation": 270, "texture": "#bottom"},
				"up": {"uv": [0, 0, 2, 8], "texture": "#missing"},
				"down": {"uv": [10, 4, 12, 12], "texture": "#bottom"}
			}
		},
		{
			"from": [6, -0.5, 10],
			"to": [10, 0, 12],
			"faces": {
				"north": {"uv": [6, 10, 10, 11], "texture": "#bottom"},
				"east": {"uv": [0, 0, 2, 1], "texture": "#missing"},
				"south": {"uv": [6, 11, 10, 12], "texture": "#bottom"},
				"west": {"uv": [0, 0, 2, 1], "texture": "#missing"},
				"up": {"uv": [0, 0, 4, 2], "texture": "#missing"},
				"down": {"uv": [6, 10, 10, 12], "texture": "#bottom"}
			}
		},
		{
			"from": [6, -0.5, 4],
			"to": [10, 0, 6],
			"faces": {
				"north": {"uv": [6, 4, 10, 5], "texture": "#bottom"},
				"east": {"uv": [0, 0, 2, 1], "texture": "#missing"},
				"south": {"uv": [6, 5, 10, 6], "texture": "#bottom"},
				"west": {"uv": [0, 0, 2, 1], "texture": "#missing"},
				"up": {"uv": [0, 0, 4, 2], "texture": "#missing"},
				"down": {"uv": [6, 4, 10, 6], "texture": "#bottom"}
			}
		},
		{
			"from": [7, -0.5, 7],
			"to": [9, 0, 9],
			"faces": {
				"north": {"uv": [7, 7, 9, 8], "texture": "#bottom"},
				"east": {"uv": [8, 9, 9, 7], "rotation": 270, "texture": "#bottom"},
				"south": {"uv": [7, 8, 9, 9], "texture": "#bottom"},
				"west": {"uv": [7, 7, 8, 9], "rotation": 90, "texture": "#bottom"},
				"up": {"uv": [0, 0, 2, 2], "texture": "#missing"},
				"down": {"uv": [7, 9, 9, 7], "texture": "#bottom"}
			}
		}
	],
	"groups": [
		{
			"name": "group",
			"origin": [8, 8, 8],
			"color": 0,
			"children": [
				{
					"name": "group",
					"origin": [8, 8, 8],
					"color": 0,
					"children": [0, 1, 2, 3, 4, 5, 6, 7]
				},
				{
					"name": "group",
					"origin": [8, 8, 8],
					"color": 0,
					"children": [8, 9, 10, 11]
				},
				{
					"name": "group",
					"origin": [8, 8, 8],
					"color": 0,
					"children": [12, 13, 14, 15]
				},
				16
			]
		},
		{
			"name": "group",
			"origin": [8, 8, 8],
			"color": 0,
			"children": [
				{
					"name": "group",
					"origin": [8, 8, 8],
					"color": 0,
					"children": [17, 18, 19, 20, 21, 22, 23, 24]
				},
				{
					"name": "group",
					"origin": [8, 8, 8],
					"color": 0,
					"children": [25, 26, 27, 28]
				},
				{
					"name": "group",
					"origin": [8, 8, 8],
					"color": 0,
					"children": [29, 30, 31, 32]
				},
				{
					"name": "group",
					"origin": [8, 8, 8],
					"color": 0,
					"children": [33, 34, 35, 36]
				},
				{
					"name": "group",
					"origin": [8, 8, 8],
					"color": 0,
					"children": [
						{
							"name": "group",
							"origin": [8, 8, 8],
							"color": 0,
							"children": [37, 38, 39, 40]
						},
						{
							"name": "group",
							"origin": [8, 8, 8],
							"color": 0,
							"children": [41, 42, 43, 44]
						},
						{
							"name": "group",
							"origin": [8, 8, 8],
							"color": 0,
							"children": [45, 46, 47, 48, 49, 50]
						},
						{
							"name": "group",
							"origin": [8, 8, 8],
							"color": 0,
							"children": [51, 52, 53, 54, 55, 56]
						}
					]
				}
			]
		},
		{
			"name": "group",
			"origin": [8, 8, 8],
			"color": 0,
			"children": [
				57,
				58,
				59,
				60,
				{
					"name": "group",
					"origin": [8, 8, 8],
					"color": 0,
					"children": [61, 62, 63, 64, 65, 66]
				},
				{
					"name": "group",
					"origin": [8, 8, 8],
					"color": 0,
					"children": [67, 68, 69, 70]
				},
				{
					"name": "group",
					"origin": [8, 8, 8],
					"color": 0,
					"children": [71, 72, 73, 74]
				}
			]
		},
		{
			"name": "group",
			"origin": [8, 8, 8],
			"color": 0,
			"children": [
				{
					"name": "group",
					"origin": [8, 8, 8],
					"color": 0,
					"children": [75, 76, 77, 78]
				},
				{
					"name": "group",
					"origin": [8, 8, 8],
					"color": 0,
					"children": [79, 80, 81, 82]
				},
				83
			]
		}
	]
}