{
	"credit": "Made with Blockbench",
	"parent": "minecraft:block/orientable_with_bottom",
	"textures": {
		"3": "block/beehive_front",
		"top": "block/beehive_end",
		"particle": "block/beehive_side",
		"side": "block/beehive_side",
		"front": "block/beehive_front_honey"
	},
	"elements": [
		{
			"from": [0.5, 1, 1.5],
			"to": [15.5, 12, 15.5],
			"faces": {
				"north": {"uv": [0.5, 4, 15.5, 15], "texture": "#3"},
				"east": {"uv": [0.5, 4, 14.5, 15], "texture": "#side"},
				"south": {"uv": [0.5, 4, 15.5, 15], "texture": "#side"},
				"west": {"uv": [1.5, 4, 15.5, 15], "texture": "#side"},
				"up": {"uv": [0.5, 1.5, 15.5, 15.5], "texture": "#top"},
				"down": {"uv": [0.5, 0.5, 15.5, 14.5], "texture": "#missing"}
			}
		},
		{
			"from": [0, 13.5, 0],
			"to": [16, 16.5, 16],
			"faces": {
				"north": {"uv": [0, 0, 16, 3], "texture": "#front"},
				"east": {"uv": [0, 0, 16, 3], "texture": "#side"},
				"south": {"uv": [0, 0, 16, 3], "texture": "#side"},
				"west": {"uv": [0, 0, 16, 3], "texture": "#side"},
				"up": {"uv": [0, 0, 16, 16], "texture": "#top"},
				"down": {"uv": [0, 0, 16, 16], "texture": "#top"}
			}
		},
		{
			"from": [-0.5, 13, 0],
			"to": [0, 16, 16],
			"faces": {
				"north": {"uv": [16, 0, 16.5, 3], "texture": "#side"},
				"east": {"uv": [0, 0, 16, 3], "texture": "#side"},
				"south": {"uv": [-0.5, 0, 0, 3], "texture": "#side"},
				"west": {"uv": [0, 0, 16, 3], "texture": "#side"},
				"up": {"uv": [0, 0.5, 16, 1], "rotation": 270, "texture": "#top"},
				"down": {"uv": [0, 2.5, 16, 3], "rotation": 90, "texture": "#side"}
			}
		},
		{
			"from": [-0.5, 13, -0.5],
			"to": [0, 16, 0],
			"faces": {
				"north": {"uv": [0, 0, 0.5, 3], "texture": "#side"},
				"east": {"uv": [0, 0, 0.5, 3], "texture": "#side"},
				"south": {"uv": [0, 0, 0.5, 3], "texture": "#side"},
				"west": {"uv": [0, 0, 0.5, 3], "texture": "#side"},
				"up": {"uv": [0, 0, 0.5, 3], "texture": "#side"},
				"down": {"uv": [0, 2.5, 0.5, 3], "texture": "#side"}
			}
		},
		{
			"from": [-0.5, 16, 0],
			"to": [0, 16.5, 16],
			"faces": {
				"north": {"uv": [16, 0, 16.5, 3], "texture": "#side"},
				"east": {"uv": [0, 0, 16, 3], "texture": "#side"},
				"south": {"uv": [-0.5, 0, 0, 3], "texture": "#side"},
				"west": {"uv": [0, 0, 16, 0.5], "texture": "#side"},
				"up": {"uv": [0, 0.5, 16, 0], "rotation": 270, "texture": "#top"},
				"down": {"uv": [0.5, 16, 15.5, 16.5], "rotation": 90, "texture": "#missing"}
			}
		},
		{
			"from": [-0.5, 16, -0.5],
			"to": [0, 16.5, 0],
			"faces": {
				"north": {"uv": [0, 0, 0.5, 0.5], "texture": "#side"},
				"east": {"uv": [0, 0, 0.5, 0.5], "texture": "#side"},
				"south": {"uv": [0, 0, 0.5, 0.5], "texture": "#side"},
				"west": {"uv": [0, 0, 0.5, 0.5], "texture": "#side"},
				"up": {"uv": [0, 0, 0.5, 0.5], "texture": "#side"},
				"down": {"uv": [0, 0, 0.5, 0.5], "texture": "#side"}
			}
		},
		{
			"from": [0, 13, 16],
			"to": [16, 16, 16.5],
			"faces": {
				"north": {"uv": [0, 0, 16, 3], "texture": "#side"},
				"east": {"uv": [-0.5, 0, 0, 3], "texture": "#side"},
				"south": {"uv": [0, 0, 16, 3], "texture": "#side"},
				"west": {"uv": [16, 0, 16.5, 3], "texture": "#side"},
				"up": {"uv": [0, 0.5, 16, 1], "rotation": 180, "texture": "#top"},
				"down": {"uv": [0, 2.5, 16, 3], "rotation": 180, "texture": "#side"}
			}
		},
		{
			"from": [-0.5, 13, 16],
			"to": [0, 16, 16.5],
			"faces": {
				"north": {"uv": [0, 0, 0.5, 3], "texture": "#side"},
				"east": {"uv": [0, 0, 0.5, 3], "texture": "#side"},
				"south": {"uv": [0, 0, 0.5, 3], "texture": "#side"},
				"west": {"uv": [0, 0, 0.5, 3], "texture": "#side"},
				"up": {"uv": [0, 0, 0.5, 3], "rotation": 270, "texture": "#side"},
				"down": {"uv": [0, 2.5, 0.5, 3], "rotation": 90, "texture": "#side"}
			}
		},
		{
			"from": [0, 16, 16],
			"to": [16, 16.5, 16.5],
			"faces": {
				"north": {"uv": [0, 0, 16, 3], "texture": "#side"},
				"east": {"uv": [-0.5, 0, 0, 3], "texture": "#side"},
				"south": {"uv": [0, 0, 16, 0.5], "texture": "#side"},
				"west": {"uv": [16, 0, 16.5, 3], "texture": "#side"},
				"up": {"uv": [0, 0.5, 16, 0], "rotation": 180, "texture": "#top"},
				"down": {"uv": [0.5, 16, 15.5, 16.5], "rotation": 180, "texture": "#missing"}
			}
		},
		{
			"from": [-0.5, 16, 16],
			"to": [0, 16.5, 16.5],
			"faces": {
				"north": {"uv": [0, 0, 0.5, 0.5], "texture": "#side"},
				"east": {"uv": [0, 0, 0.5, 0.5], "texture": "#side"},
				"south": {"uv": [0, 0, 0.5, 0.5], "texture": "#side"},
				"west": {"uv": [0, 0, 0.5, 0.5], "texture": "#side"},
				"up": {"uv": [0, 0, 0.5, 0.5], "rotation": 270, "texture": "#side"},
				"down": {"uv": [0, 0, 0.5, 0.5], "rotation": 90, "texture": "#side"}
			}
		},
		{
			"from": [16, 16, 16],
			"to": [16.5, 16.5, 16.5],
			"faces": {
				"north": {"uv": [0, 0, 0.5, 0.5], "texture": "#side"},
				"east": {"uv": [0, 0, 0.5, 0.5], "texture": "#side"},
				"south": {"uv": [0, 0, 0.5, 0.5], "texture": "#side"},
				"west": {"uv": [0, 0, 0.5, 0.5], "texture": "#side"},
				"up": {"uv": [0, 0, 0.5, 0.5], "rotation": 180, "texture": "#side"},
				"down": {"uv": [0, 0, 0.5, 0.5], "rotation": 180, "texture": "#side"}
			}
		},
		{
			"from": [16, 16, 0],
			"to": [16.5, 16.5, 16],
			"faces": {
				"north": {"uv": [-0.5, 0, 0, 3], "texture": "#side"},
				"east": {"uv": [0, 0, 16, 0.5], "texture": "#side"},
				"south": {"uv": [16, 0, 16.5, 3], "texture": "#side"},
				"west": {"uv": [0, 0, 16, 3], "texture": "#side"},
				"up": {"uv": [0, 0.5, 16, 0], "rotation": 90, "texture": "#top"},
				"down": {"uv": [0.5, 16, 15.5, 16.5], "rotation": 270, "texture": "#missing"}
			}
		},
		{
			"from": [16, 13, 16],
			"to": [16.5, 16, 16.5],
			"faces": {
				"north": {"uv": [0, 0, 0.5, 3], "texture": "#side"},
				"east": {"uv": [0, 0, 0.5, 3], "texture": "#side"},
				"south": {"uv": [0, 0, 0.5, 3], "texture": "#side"},
				"west": {"uv": [0, 0, 0.5, 3], "texture": "#side"},
				"up": {"uv": [0, 0, 0.5, 3], "rotation": 180, "texture": "#side"},
				"down": {"uv": [0, 2.5, 0.5, 3], "rotation": 180, "texture": "#side"}
			}
		},
		{
			"from": [16, 13, 0],
			"to": [16.5, 16, 16],
			"faces": {
				"north": {"uv": [-0.5, 0, 0, 3], "texture": "#side"},
				"east": {"uv": [0, 0, 16, 3], "texture": "#side"},
				"south": {"uv": [16, 0, 16.5, 3], "texture": "#side"},
				"west": {"uv": [0, 0, 16, 3], "texture": "#side"},
				"up": {"uv": [0, 0.5, 16, 1], "rotation": 90, "texture": "#top"},
				"down": {"uv": [0, 2.5, 16, 3], "rotation": 270, "texture": "#side"}
			}
		},
		{
			"from": [16, 16, -0.5],
			"to": [16.5, 16.5, 0],
			"faces": {
				"north": {"uv": [0, 0, 0.5, 0.5], "texture": "#side"},
				"east": {"uv": [0, 0, 0.5, 0.5], "texture": "#side"},
				"south": {"uv": [0, 0, 0.5, 0.5], "texture": "#side"},
				"west": {"uv": [0, 0, 0.5, 0.5], "texture": "#side"},
				"up": {"uv": [0, 0, 0.5, 0.5], "rotation": 90, "texture": "#side"},
				"down": {"uv": [0, 0, 0.5, 0.5], "rotation": 270, "texture": "#side"}
			}
		},
		{
			"from": [0, 16, -0.5],
			"to": [16, 16.5, 0],
			"faces": {
				"north": {"uv": [0, 0, 16, 0.5], "texture": "#side"},
				"east": {"uv": [16, 0, 16.5, 3], "texture": "#side"},
				"south": {"uv": [0, 0, 16, 3], "texture": "#side"},
				"west": {"uv": [-0.5, 0, 0, 3], "texture": "#side"},
				"up": {"uv": [0, 0.5, 16, 0], "texture": "#top"},
				"down": {"uv": [0.5, 16, 15.5, 16.5], "texture": "#missing"}
			}
		},
		{
			"from": [16, 13, -0.5],
			"to": [16.5, 16, 0],
			"faces": {
				"north": {"uv": [0, 0, 0.5, 3], "texture": "#side"},
				"east": {"uv": [0, 0, 0.5, 3], "texture": "#side"},
				"south": {"uv": [0, 0, 0.5, 3], "texture": "#side"},
				"west": {"uv": [0, 0, 0.5, 3], "texture": "#side"},
				"up": {"uv": [0, 0, 0.5, 3], "rotation": 90, "texture": "#side"},
				"down": {"uv": [0, 2.5, 0.5, 3], "rotation": 270, "texture": "#side"}
			}
		},
		{
			"from": [0, 13, -0.5],
			"to": [16, 16, 0],
			"faces": {
				"north": {"uv": [0, 0, 16, 3], "texture": "#side"},
				"east": {"uv": [16, 0, 16.5, 3], "texture": "#side"},
				"south": {"uv": [0, 0, 16, 3], "texture": "#side"},
				"west": {"uv": [-0.5, 0, 0, 3], "texture": "#side"},
				"up": {"uv": [0, 0.5, 16, 1], "texture": "#top"},
				"down": {"uv": [0, 2.5, 16, 3], "texture": "#side"}
			}
		},
		{
			"from": [15, 1, 0],
			"to": [16, 12, 1],
			"faces": {
				"north": {"uv": [0, 4, 1, 15], "texture": "#front"},
				"east": {"uv": [15, 4, 16, 15], "texture": "#side"},
				"south": {"uv": [15, 4, 16, 15], "texture": "#side"},
				"west": {"uv": [0, 4, 1, 15], "texture": "#side"},
				"up": {"uv": [15, 0, 16, 1], "texture": "#top"},
				"down": {"uv": [15, 15, 16, 16], "texture": "#side"}
			}
		},
		{
			"from": [0, 12, 0],
			"to": [16, 13, 16],
			"faces": {
				"north": {"uv": [0, 3, 16, 4], "texture": "#front"},
				"east": {"uv": [0, 3, 16, 4], "texture": "#side"},
				"south": {"uv": [0, 3, 16, 4], "texture": "#side"},
				"west": {"uv": [0, 3, 16, 4], "texture": "#side"},
				"up": {"uv": [0, 0, 16, 16], "texture": "#top"},
				"down": {"uv": [16, 3, 0, 4], "texture": "#side"}
			}
		},
		{
			"from": [0, 0, 0],
			"to": [16, 1, 16],
			"faces": {
				"north": {"uv": [0, 15, 16, 16], "texture": "#front"},
				"east": {"uv": [0, 15, 16, 16], "texture": "#side"},
				"south": {"uv": [0, 15, 16, 16], "texture": "#side"},
				"west": {"uv": [0, 15, 16, 16], "texture": "#side"},
				"up": {"uv": [0, 15, 16, 16], "texture": "#side"},
				"down": {"uv": [0, 0, 16, 16], "texture": "#missing"}
			}
		},
		{
			"from": [0, 1, 0],
			"to": [1, 12, 1],
			"faces": {
				"north": {"uv": [15, 4, 16, 15], "texture": "#front"},
				"east": {"uv": [15, 4, 16, 15], "texture": "#side"},
				"south": {"uv": [0, 4, 1, 15], "texture": "#side"},
				"west": {"uv": [0, 4, 1, 15], "texture": "#side"},
				"up": {"uv": [0, 0, 1, 1], "texture": "#side"},
				"down": {"uv": [0, 15, 1, 16], "texture": "#missing"}
			}
		},
		{
			"from": [0, 1, 15],
			"to": [1, 12, 16],
			"faces": {
				"north": {"uv": [15, 4, 16, 15], "texture": "#front"},
				"east": {"uv": [0, 4, 1, 15], "texture": "#side"},
				"south": {"uv": [0, 4, 1, 15], "texture": "#side"},
				"west": {"uv": [15, 4, 16, 15], "texture": "#side"},
				"up": {"uv": [0, 15, 1, 16], "texture": "#side"},
				"down": {"uv": [0, 0, 1, 1], "texture": "#missing"}
			}
		},
		{
			"from": [15, 1, 15],
			"to": [16, 12, 16],
			"faces": {
				"north": {"uv": [0, 4, 1, 15], "texture": "#front"},
				"east": {"uv": [0, 4, 1, 15], "texture": "#side"},
				"south": {"uv": [15, 4, 16, 15], "texture": "#side"},
				"west": {"uv": [15, 4, 16, 15], "texture": "#side"},
				"up": {"uv": [15, 15, 16, 16], "texture": "#side"},
				"down": {"uv": [15, 0, 16, 1], "texture": "#missing"}
			}
		},
		{
			"from": [0.5, 1, 0.5],
			"to": [6, 11, 1.5],
			"faces": {
				"north": {"uv": [10, 5, 15.5, 15], "texture": "#3"},
				"east": {"uv": [10, 5, 11, 15], "texture": "#3"},
				"south": {"uv": [0.5, 5, 6, 15], "texture": "#missing"},
				"west": {"uv": [0.5, 5, 1.5, 15], "texture": "#side"},
				"up": {"uv": [15.5, 5, 10, 6], "texture": "#3"},
				"down": {"uv": [0.5, 14.5, 6, 15.5], "texture": "#missing"}
			}
		},
		{
			"from": [10, 1, 0.5],
			"to": [15.5, 11, 1.5],
			"faces": {
				"north": {"uv": [0.5, 5, 6, 15], "texture": "#3"},
				"east": {"uv": [14.5, 5, 15.5, 15], "texture": "#side"},
				"south": {"uv": [10, 5, 15.5, 15], "texture": "#missing"},
				"west": {"uv": [5, 5, 6, 15], "texture": "#3"},
				"up": {"uv": [6, 5, 0.5, 6], "texture": "#3"},
				"down": {"uv": [10, 14.5, 15.5, 15.5], "texture": "#missing"}
			}
		},
		{
			"from": [6, 1, 0.5],
			"to": [10, 5, 1.5],
			"faces": {
				"north": {"uv": [6, 11, 10, 15], "texture": "#3"},
				"east": {"uv": [0, 0, 1, 9], "texture": "#missing"},
				"south": {"uv": [0, 0, 5, 9], "texture": "#missing"},
				"west": {"uv": [9, 11, 10, 15], "texture": "#3"},
				"up": {"uv": [6, 11, 10, 12], "texture": "#3"},
				"down": {"uv": [0, 0, 5, 1], "texture": "#missing"}
			}
		},
		{
			"from": [6, 6, 0.5],
			"to": [10, 11, 1.5],
			"faces": {
				"north": {"uv": [6, 5, 10, 10], "texture": "#3"},
				"east": {"uv": [14.5, 5, 15.5, 10], "texture": "#missing"},
				"south": {"uv": [6, 5, 10, 10], "texture": "#missing"},
				"west": {"uv": [0.5, 5, 1.5, 10], "texture": "#3"},
				"up": {"uv": [6, 5, 10, 6], "texture": "#3"},
				"down": {"uv": [6, 9, 10, 10], "texture": "#3"}
			}
		},
		{
			"from": [0.5, 11, 1],
			"to": [15.5, 12, 1.5],
			"faces": {
				"north": {"uv": [1, 4, 0.5, 5], "texture": "#side"},
				"east": {"uv": [2, 4, 1.5, 5], "texture": "#side"},
				"south": {"uv": [2, 4, 1.5, 5], "texture": "#side"},
				"west": {"uv": [2, 4, 1.5, 5], "texture": "#side"},
				"up": {"uv": [2, 4, 1.5, 5], "texture": "#side"},
				"down": {"uv": [2, 4, 1.5, 5], "texture": "#side"}
			}
		},
		{
			"from": [1, 2, 0.25],
			"to": [2, 3, 0.5],
			"faces": {
				"north": {"uv": [14, 13, 15, 14], "texture": "#3"},
				"east": {"uv": [14, 13, 15, 14], "texture": "#3"},
				"south": {"uv": [14, 13, 15, 14], "texture": "#3"},
				"west": {"uv": [14, 13, 15, 14], "texture": "#3"},
				"up": {"uv": [14, 13, 15, 14], "texture": "#3"},
				"down": {"uv": [14, 13, 15, 14], "texture": "#3"}
			}
		},
		{
			"from": [14, 2, 0.25],
			"to": [15, 3, 0.5],
			"faces": {
				"north": {"uv": [1, 13, 2, 14], "texture": "#3"},
				"east": {"uv": [1, 13, 2, 14], "texture": "#3"},
				"south": {"uv": [1, 13, 2, 14], "texture": "#3"},
				"west": {"uv": [1, 13, 2, 14], "texture": "#3"},
				"up": {"uv": [1, 13, 2, 14], "texture": "#3"},
				"down": {"uv": [1, 13, 2, 14], "texture": "#3"}
			}
		},
		{
			"from": [14, 8, 0.25],
			"to": [15, 9, 0.5],
			"faces": {
				"north": {"uv": [1, 7, 2, 8], "texture": "#3"},
				"east": {"uv": [1, 7, 2, 8], "texture": "#3"},
				"south": {"uv": [1, 7, 2, 8], "texture": "#3"},
				"west": {"uv": [1, 7, 2, 8], "texture": "#3"},
				"up": {"uv": [1, 7, 2, 8], "texture": "#3"},
				"down": {"uv": [1, 7, 2, 8], "texture": "#3"}
			}
		},
		{
			"from": [1, 8, 0.25],
			"to": [2, 9, 0.5],
			"faces": {
				"north": {"uv": [14, 7, 15, 8], "texture": "#3"},
				"east": {"uv": [14, 7, 15, 8], "texture": "#3"},
				"south": {"uv": [14, 7, 15, 8], "texture": "#3"},
				"west": {"uv": [14, 7, 15, 8], "texture": "#3"},
				"up": {"uv": [14, 7, 15, 8], "texture": "#3"},
				"down": {"uv": [14, 7, 15, 8], "texture": "#3"}
			}
		},
		{
			"from": [0.25, 2, 14],
			"to": [0.5, 3, 15],
			"faces": {
				"north": {"uv": [14, 13, 15, 14], "texture": "#side"},
				"east": {"uv": [14, 13, 15, 14], "texture": "#side"},
				"south": {"uv": [14, 13, 15, 14], "texture": "#side"},
				"west": {"uv": [14, 13, 15, 14], "texture": "#side"},
				"up": {"uv": [14, 13, 15, 14], "texture": "#side"},
				"down": {"uv": [14, 13, 15, 14], "texture": "#side"}
			}
		},
		{
			"from": [0.25, 2, 1],
			"to": [0.5, 3, 2],
			"faces": {
				"north": {"uv": [1, 13, 2, 14], "texture": "#side"},
				"east": {"uv": [1, 13, 2, 14], "texture": "#side"},
				"south": {"uv": [1, 13, 2, 14], "texture": "#side"},
				"west": {"uv": [1, 13, 2, 14], "texture": "#side"},
				"up": {"uv": [1, 13, 2, 14], "texture": "#side"},
				"down": {"uv": [1, 13, 2, 14], "texture": "#side"}
			}
		},
		{
			"from": [0.25, 6, 1],
			"to": [0.5, 7, 2],
			"faces": {
				"north": {"uv": [1, 9, 2, 10], "texture": "#side"},
				"east": {"uv": [1, 9, 2, 10], "texture": "#side"},
				"south": {"uv": [1, 9, 2, 10], "texture": "#side"},
				"west": {"uv": [1, 9, 2, 10], "texture": "#side"},
				"up": {"uv": [1, 9, 2, 10], "texture": "#side"},
				"down": {"uv": [1, 9, 2, 10], "texture": "#side"}
			}
		},
		{
			"from": [0.25, 6, 14],
			"to": [0.5, 7, 15],
			"faces": {
				"north": {"uv": [14, 9, 15, 10], "texture": "#side"},
				"east": {"uv": [14, 9, 15, 10], "texture": "#side"},
				"south": {"uv": [14, 9, 15, 10], "texture": "#side"},
				"west": {"uv": [14, 9, 15, 10], "texture": "#side"},
				"up": {"uv": [14, 9, 15, 10], "texture": "#side"},
				"down": {"uv": [14, 9, 15, 10], "texture": "#side"}
			}
		},
		{
			"from": [14, 2, 15.5],
			"to": [15, 3, 15.75],
			"faces": {
				"north": {"uv": [14, 13, 15, 14], "texture": "#side"},
				"east": {"uv": [14, 13, 15, 14], "texture": "#side"},
				"south": {"uv": [14, 13, 15, 14], "texture": "#side"},
				"west": {"uv": [14, 13, 15, 14], "texture": "#side"},
				"up": {"uv": [14, 13, 15, 14], "rotation": 270, "texture": "#side"},
				"down": {"uv": [14, 13, 15, 14], "rotation": 90, "texture": "#side"}
			}
		},
		{
			"from": [1, 2, 15.5],
			"to": [2, 3, 15.75],
			"faces": {
				"north": {"uv": [1, 13, 2, 14], "texture": "#side"},
				"east": {"uv": [1, 13, 2, 14], "texture": "#side"},
				"south": {"uv": [1, 13, 2, 14], "texture": "#side"},
				"west": {"uv": [1, 13, 2, 14], "texture": "#side"},
				"up": {"uv": [1, 13, 2, 14], "rotation": 270, "texture": "#side"},
				"down": {"uv": [1, 13, 2, 14], "rotation": 90, "texture": "#side"}
			}
		},
		{
			"from": [1, 6, 15.5],
			"to": [2, 7, 15.75],
			"faces": {
				"north": {"uv": [1, 9, 2, 10], "texture": "#side"},
				"east": {"uv": [1, 9, 2, 10], "texture": "#side"},
				"south": {"uv": [1, 9, 2, 10], "texture": "#side"},
				"west": {"uv": [1, 9, 2, 10], "texture": "#side"},
				"up": {"uv": [1, 9, 2, 10], "rotation": 270, "texture": "#side"},
				"down": {"uv": [1, 9, 2, 10], "rotation": 90, "texture": "#side"}
			}
		},
		{
			"from": [14, 6, 15.5],
			"to": [15, 7, 15.75],
			"faces": {
				"north": {"uv": [14, 9, 15, 10], "texture": "#side"},
				"east": {"uv": [14, 9, 15, 10], "texture": "#side"},
				"south": {"uv": [14, 9, 15, 10], "texture": "#side"},
				"west": {"uv": [14, 9, 15, 10], "texture": "#side"},
				"up": {"uv": [14, 9, 15, 10], "rotation": 270, "texture": "#side"},
				"down": {"uv": [14, 9, 15, 10], "rotation": 90, "texture": "#side"}
			}
		},
		{
			"from": [15.5, 2, 1],
			"to": [15.75, 3, 2],
			"faces": {
				"north": {"uv": [14, 13, 15, 14], "texture": "#side"},
				"east": {"uv": [14, 13, 15, 14], "texture": "#side"},
				"south": {"uv": [14, 13, 15, 14], "texture": "#side"},
				"west": {"uv": [14, 13, 15, 14], "texture": "#side"},
				"up": {"uv": [14, 13, 15, 14], "rotation": 180, "texture": "#side"},
				"down": {"uv": [14, 13, 15, 14], "rotation": 180, "texture": "#side"}
			}
		},
		{
			"from": [15.5, 2, 14],
			"to": [15.75, 3, 15],
			"faces": {
				"north": {"uv": [1, 13, 2, 14], "texture": "#side"},
				"east": {"uv": [1, 13, 2, 14], "texture": "#side"},
				"south": {"uv": [1, 13, 2, 14], "texture": "#side"},
				"west": {"uv": [1, 13, 2, 14], "texture": "#side"},
				"up": {"uv": [1, 13, 2, 14], "rotation": 180, "texture": "#side"},
				"down": {"uv": [1, 13, 2, 14], "rotation": 180, "texture": "#side"}
			}
		},
		{
			"from": [15.5, 6, 14],
			"to": [15.75, 7, 15],
			"faces": {
				"north": {"uv": [1, 9, 2, 10], "texture": "#side"},
				"east": {"uv": [1, 9, 2, 10], "texture": "#side"},
				"south": {"uv": [1, 9, 2, 10], "texture": "#side"},
				"west": {"uv": [1, 9, 2, 10], "texture": "#side"},
				"up": {"uv": [1, 9, 2, 10], "rotation": 180, "texture": "#side"},
				"down": {"uv": [1, 9, 2, 10], "rotation": 180, "texture": "#side"}
			}
		},
		{
			"from": [15.5, 6, 1],
			"to": [15.75, 7, 2],
			"faces": {
				"north": {"uv": [14, 9, 15, 10], "texture": "#side"},
				"east": {"uv": [14, 9, 15, 10], "texture": "#side"},
				"south": {"uv": [14, 9, 15, 10], "texture": "#side"},
				"west": {"uv": [14, 9, 15, 10], "texture": "#side"},
				"up": {"uv": [14, 9, 15, 10], "rotation": 180, "texture": "#side"},
				"down": {"uv": [14, 9, 15, 10], "rotation": 180, "texture": "#side"}
			}
		}
	],
	"groups": [
		{
			"name": "group",
			"origin": [8, 8, 8],
			"color": 0,
			"children": [
				0,
				{
					"name": "group",
					"origin": [8, 8, 8],
					"color": 0,
					"children": [1, 2, 3, 4, 5, 6, 7, 8, 9, 10, 11, 12, 13, 14, 15, 16, 17]
				},
				{
					"name": "group",
					"origin": [8, 8, 8],
					"color": 0,
					"children": [18, 19, 20, 21, 22, 23]
				},
				{
					"name": "group",
					"origin": [8, 8, 8],
					"color": 0,
					"children": [24, 25, 26, 27, 28]
				},
				{
					"name": "group",
					"origin": [8, 8, 8],
					"color": 0,
					"children": [29, 30, 31, 32]
				},
				{
					"name": "group",
					"origin": [8, 8, 8],
					"color": 0,
					"children": [33, 34, 35, 36]
				},
				{
					"name": "group",
					"origin": [8, 8, 8],
					"color": 0,
					"children": [37, 38, 39, 40]
				},
				{
					"name": "group",
					"origin": [8, 8, 8],
					"color": 0,
					"children": [41, 42, 43, 44]
				}
			]
		}
	]
}