{
	"credit": "Made with Blockbench",
	"parent": "minecraft:block/cube",
	"textures": {
		"particle": "block/crafting_table_front",
		"north": "block/crafting_table_front",
		"south": "block/crafting_table_side",
		"up": "block/crafting_table_top",
		"down": "block/oak_planks"
	},
	"elements": [
		{
			"from": [0, 0, 0],
			"to": [16, 16, 16],
			"faces": {
				"north": {"uv": [0, 0, 16, 16], "texture": "#south"},
				"east": {"uv": [0, 0, 16, 16], "texture": "#north"},
				"south": {"uv": [0, 0, 16, 16], "texture": "#south"},
				"west": {"uv": [0, 0, 16, 16], "texture": "#north"},
				"up": {"uv": [0, 0, 16, 16], "texture": "#up"},
				"down": {"uv": [0, 0, 16, 16], "texture": "#down"}
			}
		},
		{
			"from": [5, 15, -0.25],
			"to": [11, 16.25, 0],
			"faces": {
				"north": {"uv": [5, 0, 11, 1], "texture": "#south"},
				"east": {"uv": [5, 0, 6, 1], "texture": "#south"},
				"south": {"uv": [0, 0, 6, 1.25], "texture": "#missing"},
				"west": {"uv": [10, 0, 11, 1], "texture": "#south"},
				"up": {"uv": [5, 15, 11, 16], "texture": "#up"},
				"down": {"uv": [5, 0, 11, 1], "texture": "#south"}
			}
		},
		{
			"from": [6, 14, -0.25],
			"to": [10, 15, 0],
			"faces": {
				"north": {"uv": [6, 1, 10, 2], "texture": "#south"},
				"east": {"uv": [6, 1, 7, 2], "texture": "#south"},
				"south": {"uv": [0, 0, 4, 1], "texture": "#missing"},
				"west": {"uv": [9, 1, 10, 2], "texture": "#south"},
				"up": {"uv": [0, 0, 4, 1], "texture": "#missing"},
				"down": {"uv": [6, 1, 10, 2], "texture": "#south"}
			}
		},
		{
			"from": [7, 13, -0.25],
			"to": [9, 14, 0],
			"faces": {
				"north": {"uv": [7, 2, 9, 3], "texture": "#south"},
				"east": {"uv": [7, 2, 8, 3], "texture": "#south"},
				"south": {"uv": [0, 0, 2, 1], "texture": "#missing"},
				"west": {"uv": [8, 2, 9, 3], "texture": "#south"},
				"up": {"uv": [0, 0, 2, 1], "texture": "#missing"},
				"down": {"uv": [7, 2, 9, 3], "texture": "#south"}
			}
		},
		{
			"from": [5, 15, 16],
			"to": [11, 16.25, 16.25],
			"faces": {
				"north": {"uv": [0, 0, 6, 1.25], "texture": "#missing"},
				"east": {"uv": [10, 0, 11, 1], "texture": "#south"},
				"south": {"uv": [5, 0, 11, 1], "texture": "#south"},
				"west": {"uv": [5, 0, 6, 1], "texture": "#south"},
				"up": {"uv": [5, 15, 11, 16], "rotation": 180, "texture": "#up"},
				"down": {"uv": [5, 0, 11, 1], "rotation": 180, "texture": "#south"}
			}
		},
		{
			"from": [6, 14, 16],
			"to": [10, 15, 16.25],
			"faces": {
				"north": {"uv": [0, 0, 4, 1], "texture": "#missing"},
				"east": {"uv": [9, 1, 10, 2], "texture": "#south"},
				"south": {"uv": [6, 1, 10, 2], "texture": "#south"},
				"west": {"uv": [6, 1, 7, 2], "texture": "#south"},
				"up": {"uv": [0, 0, 4, 1], "rotation": 180, "texture": "#missing"},
				"down": {"uv": [6, 1, 10, 2], "rotation": 180, "texture": "#south"}
			}
		},
		{
			"from": [7, 13, 16],
			"to": [9, 14, 16.25],
			"faces": {
				"north": {"uv": [0, 0, 2, 1], "texture": "#missing"},
				"east": {"uv": [8, 2, 9, 3], "texture": "#south"},
				"south": {"uv": [7, 2, 9, 3], "texture": "#south"},
				"west": {"uv": [7, 2, 8, 3], "texture": "#south"},
				"up": {"uv": [0, 0, 2, 1], "rotation": 180, "texture": "#missing"},
				"down": {"uv": [7, 2, 9, 3], "rotation": 180, "texture": "#south"}
			}
		},
		{
			"from": [16, 15, 5],
			"to": [16.25, 16.25, 11],
			"faces": {
				"north": {"uv": [10, 0, 11, 1], "texture": "#south"},
				"east": {"uv": [5, 0, 11, 1], "texture": "#south"},
				"south": {"uv": [5, 0, 6, 1], "texture": "#south"},
				"west": {"uv": [0, 0, 6, 1.25], "texture": "#missing"},
				"up": {"uv": [5, 15, 11, 16], "rotation": 90, "texture": "#up"},
				"down": {"uv": [5, 0, 11, 1], "rotation": 270, "texture": "#south"}
			}
		},
		{
			"from": [16, 14, 6],
			"to": [16.25, 15, 10],
			"faces": {
				"north": {"uv": [9, 1, 10, 2], "texture": "#south"},
				"east": {"uv": [6, 1, 10, 2], "texture": "#south"},
				"south": {"uv": [6, 1, 7, 2], "texture": "#south"},
				"west": {"uv": [0, 0, 4, 1], "texture": "#missing"},
				"up": {"uv": [0, 0, 4, 1], "rotation": 90, "texture": "#missing"},
				"down": {"uv": [6, 1, 10, 2], "rotation": 270, "texture": "#south"}
			}
		},
		{
			"from": [16, 13, 7],
			"to": [16.25, 14, 9],
			"faces": {
				"north": {"uv": [8, 2, 9, 3], "texture": "#south"},
				"east": {"uv": [7, 2, 9, 3], "texture": "#south"},
				"south": {"uv": [7, 2, 8, 3], "texture": "#south"},
				"west": {"uv": [0, 0, 2, 1], "texture": "#missing"},
				"up": {"uv": [0, 0, 2, 1], "rotation": 90, "texture": "#missing"},
				"down": {"uv": [7, 2, 9, 3], "rotation": 270, "texture": "#south"}
			}
		},
		{
			"from": [-0.25, 15, 5],
			"to": [0, 16.25, 11],
			"faces": {
				"north": {"uv": [5, 0, 6, 1], "texture": "#south"},
				"east": {"uv": [0, 0, 6, 1.25], "texture": "#missing"},
				"south": {"uv": [10, 0, 11, 1], "texture": "#south"},
				"west": {"uv": [5, 0, 11, 1], "texture": "#south"},
				"up": {"uv": [5, 15, 11, 16], "rotation": 270, "texture": "#up"},
				"down": {"uv": [5, 0, 11, 1], "rotation": 90, "texture": "#south"}
			}
		},
		{
			"from": [-0.25, 14, 6],
			"to": [0, 15, 10],
			"faces": {
				"north": {"uv": [6, 1, 7, 2], "texture": "#south"},
				"east": {"uv": [0, 0, 4, 1], "texture": "#missing"},
				"south": {"uv": [9, 1, 10, 2], "texture": "#south"},
				"west": {"uv": [6, 1, 10, 2], "texture": "#south"},
				"up": {"uv": [0, 0, 4, 1], "rotation": 270, "texture": "#missing"},
				"down": {"uv": [6, 1, 10, 2], "rotation": 90, "texture": "#south"}
			}
		},
		{
			"from": [-0.25, 13, 7],
			"to": [0, 14, 9],
			"faces": {
				"north": {"uv": [7, 2, 8, 3], "texture": "#south"},
				"east": {"uv": [0, 0, 2, 1], "texture": "#missing"},
				"south": {"uv": [8, 2, 9, 3], "texture": "#south"},
				"west": {"uv": [7, 2, 9, 3], "texture": "#south"},
				"up": {"uv": [0, 0, 2, 1], "rotation": 270, "texture": "#missing"},
				"down": {"uv": [7, 2, 9, 3], "rotation": 90, "texture": "#south"}
			}
		},
		{
			"from": [0, 16, 4],
			"to": [16, 16.25, 12],
			"faces": {
				"north": {"uv": [0, 11, 16, 12], "texture": "#up"},
				"east": {"uv": [0, 4, 1, 12], "rotation": 270, "texture": "#up"},
				"south": {"uv": [0, 4, 16, 5], "texture": "#up"},
				"west": {"uv": [15, 4, 16, 12], "rotation": 270, "texture": "#up"},
				"up": {"uv": [0, 4, 16, 12], "texture": "#up"},
				"down": {"uv": [0, 0, 16, 8], "texture": "#missing"}
			}
		},
		{
			"from": [4, 16, 12],
			"to": [12, 16.25, 16],
			"faces": {
				"north": {"uv": [0, 0, 8, 1], "texture": "#missing"},
				"east": {"uv": [4, 0, 5, 4], "rotation": 270, "texture": "#up"},
				"south": {"uv": [4, 0, 12, 1], "texture": "#up"},
				"west": {"uv": [11, 0, 12, 4], "rotation": 270, "texture": "#up"},
				"up": {"uv": [12, 4, 4, 0], "texture": "#up"},
				"down": {"uv": [0, 0, 8, 4], "texture": "#missing"}
			}
		},
		{
			"from": [4, 16, 0],
			"to": [12, 16.25, 4],
			"faces": {
				"north": {"uv": [4, 15, 12, 16], "texture": "#up"},
				"east": {"uv": [4, 12, 5, 16], "rotation": 270, "texture": "#up"},
				"south": {"uv": [0, 0, 8, 1], "texture": "#missing"},
				"west": {"uv": [11, 12, 12, 16], "rotation": 270, "texture": "#up"},
				"up": {"uv": [12, 16, 4, 12], "texture": "#up"},
				"down": {"uv": [0, 0, 8, 4], "texture": "#missing"}
			}
		},
		{
			"from": [2, 16, 2],
			"to": [4, 16.25, 4],
			"faces": {
				"north": {"uv": [13, 12, 14, 14], "rotation": 270, "texture": "#up"},
				"east": {"uv": [0, 0, 2, 1], "texture": "#missing"},
				"south": {"uv": [0, 0, 2, 1], "texture": "#missing"},
				"west": {"uv": [14, 13, 12, 14], "texture": "#up"},
				"up": {"uv": [12, 12, 14, 14], "rotation": 180, "texture": "#up"},
				"down": {"uv": [0, 0, 2, 2], "texture": "#missing"}
			}
		},
		{
			"from": [2, 16, 12],
			"to": [4, 16.25, 14],
			"faces": {
				"north": {"uv": [0, 0, 2, 1], "texture": "#missing"},
				"east": {"uv": [0, 0, 2, 1], "texture": "#missing"},
				"south": {"uv": [13, 2, 14, 4], "rotation": 270, "texture": "#up"},
				"west": {"uv": [12, 2, 14, 3], "texture": "#up"},
				"up": {"uv": [12, 2, 14, 4], "rotation": 180, "texture": "#up"},
				"down": {"uv": [0, 0, 2, 2], "texture": "#missing"}
			}
		},
		{
			"from": [12, 16, 12],
			"to": [14, 16.25, 14],
			"faces": {
				"north": {"uv": [0, 0, 2, 1], "texture": "#missing"},
				"east": {"uv": [2, 2, 3, 4], "rotation": 270, "texture": "#up"},
				"south": {"uv": [4, 2, 2, 3], "texture": "#up"},
				"west": {"uv": [0, 0, 2, 1], "texture": "#missing"},
				"up": {"uv": [2, 2, 4, 4], "rotation": 180, "texture": "#up"},
				"down": {"uv": [0, 0, 2, 2], "texture": "#missing"}
			}
		},
		{
			"from": [12, 16, 2],
			"to": [14, 16.25, 4],
			"faces": {
				"north": {"uv": [2, 13, 4, 14], "texture": "#up"},
				"east": {"uv": [2, 12, 3, 14], "rotation": 270, "texture": "#up"},
				"south": {"uv": [0, 0, 2, 1], "texture": "#missing"},
				"west": {"uv": [0, 0, 2, 1], "texture": "#missing"},
				"up": {"uv": [2, 12, 4, 14], "rotation": 180, "texture": "#up"},
				"down": {"uv": [0, 0, 2, 2], "texture": "#missing"}
			}
		},
		{
			"from": [3, 16, 1],
			"to": [4, 16.25, 2],
			"faces": {
				"north": {"uv": [12, 14, 13, 15], "texture": "#up"},
				"east": {"uv": [12, 14, 13, 15], "texture": "#up"},
				"south": {"uv": [12, 14, 13, 15], "texture": "#up"},
				"west": {"uv": [12, 14, 13, 15], "texture": "#up"},
				"up": {"uv": [12, 14, 13, 15], "texture": "#up"},
				"down": {"uv": [12, 14, 13, 15], "texture": "#up"}
			}
		},
		{
			"from": [1, 16, 3],
			"to": [2, 16.25, 4],
			"faces": {
				"north": {"uv": [14, 12, 15, 13], "texture": "#up"},
				"east": {"uv": [14, 12, 15, 13], "texture": "#up"},
				"south": {"uv": [14, 12, 15, 13], "texture": "#up"},
				"west": {"uv": [14, 12, 15, 13], "texture": "#up"},
				"up": {"uv": [14, 12, 15, 13], "texture": "#up"},
				"down": {"uv": [14, 12, 15, 13], "texture": "#up"}
			}
		},
		{
			"from": [1, 16, 12],
			"to": [2, 16.25, 13],
			"faces": {
				"north": {"uv": [14, 3, 15, 4], "texture": "#up"},
				"east": {"uv": [14, 3, 15, 4], "texture": "#up"},
				"south": {"uv": [14, 3, 15, 4], "texture": "#up"},
				"west": {"uv": [14, 3, 15, 4], "texture": "#up"},
				"up": {"uv": [14, 3, 15, 4], "texture": "#up"},
				"down": {"uv": [14, 3, 15, 4], "texture": "#up"}
			}
		},
		{
			"from": [3, 16, 14],
			"to": [4, 16.25, 15],
			"faces": {
				"north": {"uv": [12, 1, 13, 2], "texture": "#up"},
				"east": {"uv": [12, 1, 13, 2], "texture": "#up"},
				"south": {"uv": [12, 1, 13, 2], "texture": "#up"},
				"west": {"uv": [12, 1, 13, 2], "texture": "#up"},
				"up": {"uv": [12, 1, 13, 2], "texture": "#up"},
				"down": {"uv": [12, 1, 13, 2], "texture": "#up"}
			}
		},
		{
			"from": [12, 16, 14],
			"to": [13, 16.25, 15],
			"faces": {
				"north": {"uv": [3, 1, 4, 2], "texture": "#up"},
				"east": {"uv": [3, 1, 4, 2], "texture": "#up"},
				"south": {"uv": [3, 1, 4, 2], "texture": "#up"},
				"west": {"uv": [3, 1, 4, 2], "texture": "#up"},
				"up": {"uv": [3, 1, 4, 2], "texture": "#up"},
				"down": {"uv": [3, 1, 4, 2], "texture": "#up"}
			}
		},
		{
			"from": [14, 16, 12],
			"to": [15, 16.25, 13],
			"faces": {
				"north": {"uv": [1, 3, 2, 4], "texture": "#up"},
				"east": {"uv": [1, 3, 2, 4], "texture": "#up"},
				"south": {"uv": [1, 3, 2, 4], "texture": "#up"},
				"west": {"uv": [1, 3, 2, 4], "texture": "#up"},
				"up": {"uv": [1, 3, 2, 4], "texture": "#up"},
				"down": {"uv": [1, 3, 2, 4], "texture": "#up"}
			}
		},
		{
			"from": [14, 16, 3],
			"to": [15, 16.25, 4],
			"faces": {
				"north": {"uv": [1, 12, 2, 13], "texture": "#up"},
				"east": {"uv": [1, 12, 2, 13], "texture": "#up"},
				"south": {"uv": [1, 12, 2, 13], "texture": "#up"},
				"west": {"uv": [1, 12, 2, 13], "texture": "#up"},
				"up": {"uv": [1, 12, 2, 13], "texture": "#up"},
				"down": {"uv": [1, 12, 2, 13], "texture": "#up"}
			}
		},
		{
			"from": [12, 16, 1],
			"to": [13, 16.25, 2],
			"faces": {
				"north": {"uv": [3, 14, 4, 15], "texture": "#up"},
				"east": {"uv": [3, 14, 4, 15], "texture": "#up"},
				"south": {"uv": [3, 14, 4, 15], "texture": "#up"},
				"west": {"uv": [3, 14, 4, 15], "texture": "#up"},
				"up": {"uv": [3, 14, 4, 15], "texture": "#up"},
				"down": {"uv": [3, 14, 4, 15], "texture": "#up"}
			}
		},
		{
			"from": [-1, 5, 2],
			"to": [0, 7, 5],
			"faces": {
				"north": {"uv": [2, 9, 3, 11], "texture": "#north"},
				"east": {"uv": [0, 0, 3, 2], "texture": "#missing"},
				"south": {"uv": [4, 9, 5, 11], "texture": "#north"},
				"west": {"uv": [2, 9, 5, 11], "texture": "#north"},
				"up": {"uv": [2, 9, 5, 10], "rotation": 270, "texture": "#north"},
				"down": {"uv": [2, 10, 5, 11], "rotation": 270, "texture": "#north"}
			}
		},
		{
			"from": [-0.5, 7, 3],
			"to": [0, 11, 4],
			"faces": {
				"north": {"uv": [3, 5, 4, 9], "texture": "#north"},
				"east": {"uv": [3, 5, 4, 9], "texture": "#north"},
				"south": {"uv": [3, 5, 4, 9], "texture": "#north"},
				"west": {"uv": [3, 5, 4, 9], "texture": "#north"},
				"up": {"uv": [3, 5, 4, 6], "texture": "#north"},
				"down": {"uv": [3, 5, 4, 9], "texture": "#north"}
			}
		},
		{
			"from": [-0.5, 12, 11],
			"to": [0, 13, 14],
			"faces": {
				"north": {"uv": [11, 3, 12, 4], "texture": "#north"},
				"east": {"uv": [11, 3, 14, 4], "texture": "#north"},
				"south": {"uv": [13, 3, 14, 4], "texture": "#north"},
				"west": {"uv": [11, 3, 14, 4], "texture": "#north"},
				"up": {"uv": [11, 3, 14, 4], "texture": "#north"},
				"down": {"uv": [11, 3, 14, 4], "texture": "#north"}
			}
		},
		{
			"from": [-0.5, 10, 11],
			"to": [0, 11, 14],
			"faces": {
				"north": {"uv": [11, 5, 12, 6], "texture": "#north"},
				"east": {"uv": [11, 5, 14, 6], "texture": "#north"},
				"south": {"uv": [13, 5, 14, 6], "texture": "#north"},
				"west": {"uv": [11, 5, 14, 6], "texture": "#north"},
				"up": {"uv": [11, 5, 14, 6], "texture": "#north"},
				"down": {"uv": [11, 5, 14, 6], "texture": "#north"}
			}
		},
		{
			"from": [-0.5, 11, 13],
			"to": [0, 12, 14],
			"faces": {
				"north": {"uv": [13, 4, 14, 5], "texture": "#north"},
				"east": {"uv": [13, 4, 14, 5], "texture": "#north"},
				"south": {"uv": [13, 4, 14, 5], "texture": "#north"},
				"west": {"uv": [13, 4, 14, 5], "texture": "#north"},
				"up": {"uv": [13, 4, 14, 5], "texture": "#north"},
				"down": {"uv": [13, 4, 14, 5], "texture": "#north"}
			}
		},
		{
			"from": [-0.5, 11, 11],
			"to": [0, 12, 12],
			"faces": {
				"north": {"uv": [11, 4, 12, 5], "texture": "#north"},
				"east": {"uv": [11, 4, 12, 5], "texture": "#north"},
				"south": {"uv": [11, 4, 12, 5], "texture": "#north"},
				"west": {"uv": [11, 4, 12, 5], "texture": "#north"},
				"up": {"uv": [11, 4, 12, 5], "texture": "#north"},
				"down": {"uv": [11, 4, 12, 5], "texture": "#north"}
			}
		},
		{
			"from": [-0.25, 7, 11],
			"to": [0, 10, 12],
			"faces": {
				"north": {"uv": [11, 6, 12, 9], "texture": "#north"},
				"east": {"uv": [11, 6, 12, 9], "texture": "#north"},
				"south": {"uv": [11, 6, 12, 9], "texture": "#north"},
				"west": {"uv": [11, 6, 12, 9], "texture": "#north"},
				"up": {"uv": [11, 6, 12, 9], "texture": "#north"},
				"down": {"uv": [11, 8, 12, 9], "texture": "#north"}
			}
		},
		{
			"from": [-0.25, 3, 13],
			"to": [0, 10, 14],
			"faces": {
				"north": {"uv": [13, 6, 14, 13], "texture": "#north"},
				"east": {"uv": [13, 6, 14, 13], "texture": "#north"},
				"south": {"uv": [13, 6, 14, 13], "texture": "#north"},
				"west": {"uv": [13, 6, 14, 13], "texture": "#north"},
				"up": {"uv": [13, 6, 14, 13], "texture": "#north"},
				"down": {"uv": [13, 12, 14, 13], "texture": "#north"}
			}
		},
		{
			"from": [-0.25, 5, 12],
			"to": [0, 10, 13],
			"faces": {
				"north": {"uv": [12, 6, 13, 11], "texture": "#north"},
				"east": {"uv": [12, 6, 13, 11], "texture": "#north"},
				"south": {"uv": [12, 6, 13, 11], "texture": "#north"},
				"west": {"uv": [12, 6, 13, 11], "texture": "#north"},
				"up": {"uv": [12, 6, 13, 11], "texture": "#north"},
				"down": {"uv": [12, 10, 13, 11], "texture": "#north"}
			}
		},
		{
			"from": [16, 5, 11],
			"to": [17, 7, 14],
			"faces": {
				"north": {"uv": [4, 9, 5, 11], "texture": "#north"},
				"east": {"uv": [2, 9, 5, 11], "texture": "#north"},
				"south": {"uv": [2, 9, 3, 11], "texture": "#north"},
				"west": {"uv": [0, 0, 3, 2], "texture": "#missing"},
				"up": {"uv": [2, 9, 5, 10], "rotation": 90, "texture": "#north"},
				"down": {"uv": [2, 10, 5, 11], "rotation": 90, "texture": "#north"}
			}
		},
		{
			"from": [16, 7, 12],
			"to": [16.5, 11, 13],
			"faces": {
				"north": {"uv": [3, 5, 4, 9], "texture": "#north"},
				"east": {"uv": [3, 5, 4, 9], "texture": "#north"},
				"south": {"uv": [3, 5, 4, 9], "texture": "#north"},
				"west": {"uv": [3, 5, 4, 9], "texture": "#north"},
				"up": {"uv": [3, 5, 4, 6], "rotation": 180, "texture": "#north"},
				"down": {"uv": [3, 5, 4, 9], "rotation": 180, "texture": "#north"}
			}
		},
		{
			"from": [16, 12, 2],
			"to": [16.5, 13, 5],
			"faces": {
				"north": {"uv": [13, 3, 14, 4], "texture": "#north"},
				"east": {"uv": [11, 3, 14, 4], "texture": "#north"},
				"south": {"uv": [11, 3, 12, 4], "texture": "#north"},
				"west": {"uv": [11, 3, 14, 4], "texture": "#north"},
				"up": {"uv": [11, 3, 14, 4], "rotation": 180, "texture": "#north"},
				"down": {"uv": [11, 3, 14, 4], "rotation": 180, "texture": "#north"}
			}
		},
		{
			"from": [16, 10, 2],
			"to": [16.5, 11, 5],
			"faces": {
				"north": {"uv": [13, 5, 14, 6], "texture": "#north"},
				"east": {"uv": [11, 5, 14, 6], "texture": "#north"},
				"south": {"uv": [11, 5, 12, 6], "texture": "#north"},
				"west": {"uv": [11, 5, 14, 6], "texture": "#north"},
				"up": {"uv": [11, 5, 14, 6], "rotation": 180, "texture": "#north"},
				"down": {"uv": [11, 5, 14, 6], "rotation": 180, "texture": "#north"}
			}
		},
		{
			"from": [16, 11, 2],
			"to": [16.5, 12, 3],
			"faces": {
				"north": {"uv": [13, 4, 14, 5], "texture": "#north"},
				"east": {"uv": [13, 4, 14, 5], "texture": "#north"},
				"south": {"uv": [13, 4, 14, 5], "texture": "#north"},
				"west": {"uv": [13, 4, 14, 5], "texture": "#north"},
				"up": {"uv": [13, 4, 14, 5], "rotation": 180, "texture": "#north"},
				"down": {"uv": [13, 4, 14, 5], "rotation": 180, "texture": "#north"}
			}
		},
		{
			"from": [16, 11, 4],
			"to": [16.5, 12, 5],
			"faces": {
				"north": {"uv": [11, 4, 12, 5], "texture": "#north"},
				"east": {"uv": [11, 4, 12, 5], "texture": "#north"},
				"south": {"uv": [11, 4, 12, 5], "texture": "#north"},
				"west": {"uv": [11, 4, 12, 5], "texture": "#north"},
				"up": {"uv": [11, 4, 12, 5], "rotation": 180, "texture": "#north"},
				"down": {"uv": [11, 4, 12, 5], "rotation": 180, "texture": "#north"}
			}
		},
		{
			"from": [16, 7, 4],
			"to": [16.25, 10, 5],
			"faces": {
				"north": {"uv": [11, 6, 12, 9], "texture": "#north"},
				"east": {"uv": [11, 6, 12, 9], "texture": "#north"},
				"south": {"uv": [11, 6, 12, 9], "texture": "#north"},
				"west": {"uv": [11, 6, 12, 9], "texture": "#north"},
				"up": {"uv": [11, 6, 12, 9], "rotation": 180, "texture": "#north"},
				"down": {"uv": [11, 8, 12, 9], "rotation": 180, "texture": "#north"}
			}
		},
		{
			"from": [16, 3, 2],
			"to": [16.25, 10, 3],
			"faces": {
				"north": {"uv": [13, 6, 14, 13], "texture": "#north"},
				"east": {"uv": [13, 6, 14, 13], "texture": "#north"},
				"south": {"uv": [13, 6, 14, 13], "texture": "#north"},
				"west": {"uv": [13, 6, 14, 13], "texture": "#north"},
				"up": {"uv": [13, 6, 14, 13], "rotation": 180, "texture": "#north"},
				"down": {"uv": [13, 12, 14, 13], "rotation": 180, "texture": "#north"}
			}
		},
		{
			"from": [16, 5, 3],
			"to": [16.25, 10, 4],
			"faces": {
				"north": {"uv": [12, 6, 13, 11], "texture": "#north"},
				"east": {"uv": [12, 6, 13, 11], "texture": "#north"},
				"south": {"uv": [12, 6, 13, 11], "texture": "#north"},
				"west": {"uv": [12, 6, 13, 11], "texture": "#north"},
				"up": {"uv": [12, 6, 13, 11], "rotation": 180, "texture": "#north"},
				"down": {"uv": [12, 10, 13, 11], "rotation": 180, "texture": "#north"}
			}
		},
		{
			"from": [10, 9, -0.5],
			"to": [11, 11, 0],
			"faces": {
				"north": {"uv": [5, 5, 6, 7], "texture": "#south"},
				"east": {"uv": [5, 5, 6, 7], "texture": "#south"},
				"south": {"uv": [5, 5, 6, 7], "texture": "#south"},
				"west": {"uv": [5, 5, 6, 7], "texture": "#south"},
				"up": {"uv": [5, 5, 6, 6], "texture": "#south"},
				"down": {"uv": [5, 6, 6, 7], "texture": "#south"}
			}
		},
		{
			"from": [12, 9, -0.5],
			"to": [13, 11, 0],
			"faces": {
				"north": {"uv": [3, 5, 4, 7], "texture": "#south"},
				"east": {"uv": [3, 5, 4, 7], "texture": "#south"},
				"south": {"uv": [3, 5, 4, 7], "texture": "#south"},
				"west": {"uv": [3, 5, 4, 7], "texture": "#south"},
				"up": {"uv": [3, 5, 4, 6], "texture": "#south"},
				"down": {"uv": [3, 6, 4, 7], "texture": "#south"}
			}
		},
		{
			"from": [12, 6, -0.25],
			"to": [13, 8, 0],
			"faces": {
				"north": {"uv": [3, 8, 4, 10], "texture": "#south"},
				"east": {"uv": [3, 8, 4, 10], "texture": "#south"},
				"south": {"uv": [3, 8, 4, 10], "texture": "#south"},
				"west": {"uv": [3, 8, 4, 10], "texture": "#south"},
				"up": {"uv": [3, 8, 4, 9], "texture": "#south"},
				"down": {"uv": [3, 9, 4, 10], "texture": "#south"}
			}
		},
		{
			"from": [10, 6, -0.25],
			"to": [11, 8, 0],
			"faces": {
				"north": {"uv": [5, 8, 6, 10], "texture": "#south"},
				"east": {"uv": [5, 8, 6, 10], "texture": "#south"},
				"south": {"uv": [5, 8, 6, 10], "texture": "#south"},
				"west": {"uv": [5, 8, 6, 10], "texture": "#south"},
				"up": {"uv": [5, 8, 6, 9], "texture": "#south"},
				"down": {"uv": [5, 9, 6, 10], "texture": "#south"}
			}
		},
		{
			"from": [11, 8, -0.25],
			"to": [12, 9, 0],
			"faces": {
				"north": {"uv": [4, 7, 5, 8], "texture": "#south"},
				"east": {"uv": [4, 7, 5, 8], "texture": "#south"},
				"south": {"uv": [4, 7, 5, 8], "texture": "#south"},
				"west": {"uv": [4, 7, 5, 8], "texture": "#south"},
				"up": {"uv": [4, 7, 5, 8], "texture": "#south"},
				"down": {"uv": [4, 7, 5, 8], "texture": "#south"}
			}
		},
		{
			"from": [5, 9, 16],
			"to": [6, 11, 16.5],
			"faces": {
				"north": {"uv": [5, 5, 6, 7], "texture": "#south"},
				"east": {"uv": [5, 5, 6, 7], "texture": "#south"},
				"south": {"uv": [5, 5, 6, 7], "texture": "#south"},
				"west": {"uv": [5, 5, 6, 7], "texture": "#south"},
				"up": {"uv": [5, 5, 6, 6], "rotation": 180, "texture": "#south"},
				"down": {"uv": [5, 6, 6, 7], "rotation": 180, "texture": "#south"}
			}
		},
		{
			"from": [3, 9, 16],
			"to": [4, 11, 16.5],
			"faces": {
				"north": {"uv": [3, 5, 4, 7], "texture": "#south"},
				"east": {"uv": [3, 5, 4, 7], "texture": "#south"},
				"south": {"uv": [3, 5, 4, 7], "texture": "#south"},
				"west": {"uv": [3, 5, 4, 7], "texture": "#south"},
				"up": {"uv": [3, 5, 4, 6], "rotation": 180, "texture": "#south"},
				"down": {"uv": [3, 6, 4, 7], "rotation": 180, "texture": "#south"}
			}
		},
		{
			"from": [3, 6, 16],
			"to": [4, 8, 16.25],
			"faces": {
				"north": {"uv": [3, 8, 4, 10], "texture": "#south"},
				"east": {"uv": [3, 8, 4, 10], "texture": "#south"},
				"south": {"uv": [3, 8, 4, 10], "texture": "#south"},
				"west": {"uv": [3, 8, 4, 10], "texture": "#south"},
				"up": {"uv": [3, 8, 4, 9], "rotation": 180, "texture": "#south"},
				"down": {"uv": [3, 9, 4, 10], "rotation": 180, "texture": "#south"}
			}
		},
		{
			"from": [5, 6, 16],
			"to": [6, 8, 16.25],
			"faces": {
				"north": {"uv": [5, 8, 6, 10], "texture": "#south"},
				"east": {"uv": [5, 8, 6, 10], "texture": "#south"},
				"south": {"uv": [5, 8, 6, 10], "texture": "#south"},
				"west": {"uv": [5, 8, 6, 10], "texture": "#south"},
				"up": {"uv": [5, 8, 6, 9], "rotation": 180, "texture": "#south"},
				"down": {"uv": [5, 9, 6, 10], "rotation": 180, "texture": "#south"}
			}
		},
		{
			"from": [4, 8, 16],
			"to": [5, 9, 16.25],
			"faces": {
				"north": {"uv": [4, 7, 5, 8], "texture": "#south"},
				"east": {"uv": [4, 7, 5, 8], "texture": "#south"},
				"south": {"uv": [4, 7, 5, 8], "texture": "#south"},
				"west": {"uv": [4, 7, 5, 8], "texture": "#south"},
				"up": {"uv": [4, 7, 5, 8], "rotation": 180, "texture": "#south"},
				"down": {"uv": [4, 7, 5, 8], "rotation": 180, "texture": "#south"}
			}
		}
	],
	"groups": [
		{
			"name": "group",
			"origin": [8, 8, 8],
			"color": 0,
			"children": [
				0,
				{
					"name": "group",
					"origin": [8, 8, 8],
					"color": 0,
					"children": [
						{
							"name": "group",
							"origin": [8, 8, 8],
							"color": 0,
							"children": [1, 2, 3]
						},
						{
							"name": "group",
							"origin": [8, 8, 8],
							"color": 0,
							"children": [4, 5, 6]
						},
						{
							"name": "group",
							"origin": [8, 8, 8],
							"color": 0,
							"children": [7, 8, 9]
						},
						{
							"name": "group",
							"origin": [8, 8, 8],
							"color": 0,
							"children": [10, 11, 12]
						},
						{
							"name": "group",
							"origin": [8, 8, 8],
							"color": 0,
							"children": [13, 14, 15, 16, 17, 18, 19, 20, 21, 22, 23, 24, 25, 26, 27]
						}
					]
				},
				{
					"name": "group",
					"origin": [8, 8, 8],
					"color": 0,
					"children": [
						{
							"name": "group",
							"origin": [8, 8, 8],
							"color": 0,
							"children": [28, 29]
						},
						{
							"name": "group",
							"origin": [8, 8, 8],
							"color": 0,
							"children": [30, 31, 32, 33, 34, 35, 36]
						}
					]
				},
				{
					"name": "group",
					"origin": [8, 8, 8],
					"color": 0,
					"children": [
						{
							"name": "group",
							"origin": [8, 8, 8],
							"color": 0,
							"children": [37, 38]
						},
						{
							"name": "group",
							"origin": [8, 8, 8],
							"color": 0,
							"children": [39, 40, 41, 42, 43, 44, 45]
						}
					]
				},
				{
					"name": "group",
					"origin": [8, 8, 8],
					"color": 0,
					"children": [46, 47, 48, 49, 50]
				},
				{
					"name": "group",
					"origin": [8, 8, 8],
					"color": 0,
					"children": [51, 52, 53, 54, 55]
				}
			]
		}
	]
}