{
	"credit": "Made with Blockbench",
	"parent": "block/block",
	"textures": {
		"particle": "block/enchanting_table_bottom",
		"bottom": "block/enchanting_table_bottom",
		"top": "block/enchanting_table_top",
		"side": "block/enchanting_table_side"
	},
	"elements": [
		{
			"from": [0, 0, 0],
			"to": [16, 12, 16],
			"faces": {
				"north": {"uv": [0, 4, 16, 16], "texture": "#side", "cullface": "north"},
				"east": {"uv": [0, 4, 16, 16], "texture": "#side", "cullface": "east"},
				"south": {"uv": [0, 4, 16, 16], "texture": "#side", "cullface": "south"},
				"west": {"uv": [0, 4, 16, 16], "texture": "#side", "cullface": "west"},
				"up": {"uv": [0, 0, 16, 16], "texture": "#top"},
				"down": {"uv": [0, 0, 16, 16], "texture": "#bottom", "cullface": "down"}
			}
		},
		{
			"from": [4, 11, -0.25],
			"to": [12, 12.25, 16.25],
			"faces": {
				"north": {"uv": [4, 4, 12, 5], "texture": "#side"},
				"east": {"uv": [11, 0, 12, 16], "rotation": 90, "texture": "#top"},
				"south": {"uv": [4, 4, 12, 5], "texture": "#side"},
				"west": {"uv": [11, 0, 12, 16], "rotation": 90, "texture": "#top"},
				"up": {"uv": [4, 0, 12, 16], "texture": "#top"},
				"down": {"uv": [4, -1, 12, 17], "texture": "#missing"}
			}
		},
		{
			"from": [12, 11, 4],
			"to": [16.25, 12.25, 12],
			"faces": {
				"north": {"uv": [10, 4, 12, 0], "rotation": 90, "texture": "#top"},
				"east": {"uv": [4, 4, 12, 5], "texture": "#side"},
				"south": {"uv": [10, 0, 12, 4], "rotation": 90, "texture": "#top"},
				"west": {"uv": [4, 3, 12, 5], "texture": "#missing"},
				"up": {"uv": [12, 4, 16, 12], "texture": "#top"},
				"down": {"uv": [12, 4, 17, 12], "texture": "#missing"}
			}
		},
		{
			"from": [-0.25, 11, 4],
			"to": [4, 12.25, 12],
			"faces": {
				"north": {"uv": [10, 0, 12, 4], "rotation": 90, "texture": "#top"},
				"east": {"uv": [4, 3, 12, 5], "texture": "#missing"},
				"south": {"uv": [10, 4, 12, 0], "rotation": 90, "texture": "#top"},
				"west": {"uv": [4, 4, 12, 5], "texture": "#side"},
				"up": {"uv": [0, 4, 4, 12], "texture": "#top"},
				"down": {"uv": [-1, 4, 4, 12], "texture": "#missing"}
			}
		},
		{
			"from": [12, 12, 3],
			"to": [13, 12.25, 4],
			"faces": {
				"north": {"uv": [3, 12, 4, 13], "texture": "#top"},
				"east": {"uv": [3, 12, 4, 13], "texture": "#top"},
				"south": {"uv": [3, 12, 4, 13], "texture": "#top"},
				"west": {"uv": [3, 12, 4, 13], "texture": "#top"},
				"up": {"uv": [3, 12, 4, 13], "texture": "#top"},
				"down": {"uv": [3, 12, 4, 13], "texture": "#top"}
			}
		},
		{
			"from": [12, 12, 12],
			"to": [13, 12.25, 13],
			"faces": {
				"north": {"uv": [3, 3, 4, 4], "texture": "#top"},
				"east": {"uv": [3, 3, 4, 4], "texture": "#top"},
				"south": {"uv": [3, 3, 4, 4], "texture": "#top"},
				"west": {"uv": [3, 3, 4, 4], "texture": "#top"},
				"up": {"uv": [3, 3, 4, 4], "texture": "#top"},
				"down": {"uv": [3, 3, 4, 4], "texture": "#top"}
			}
		},
		{
			"from": [3, 12, 12],
			"to": [4, 12.25, 13],
			"faces": {
				"north": {"uv": [12, 3, 13, 4], "texture": "#top"},
				"east": {"uv": [12, 3, 13, 4], "texture": "#top"},
				"south": {"uv": [12, 3, 13, 4], "texture": "#top"},
				"west": {"uv": [12, 3, 13, 4], "texture": "#top"},
				"up": {"uv": [12, 3, 13, 4], "texture": "#top"},
				"down": {"uv": [12, 3, 13, 4], "texture": "#top"}
			}
		},
		{
			"from": [3, 12, 3],
			"to": [4, 12.25, 4],
			"faces": {
				"north": {"uv": [12, 12, 13, 13], "texture": "#top"},
				"east": {"uv": [12, 12, 13, 13], "texture": "#top"},
				"south": {"uv": [12, 12, 13, 13], "texture": "#top"},
				"west": {"uv": [12, 12, 13, 13], "texture": "#top"},
				"up": {"uv": [12, 12, 13, 13], "texture": "#top"},
				"down": {"uv": [12, 12, 13, 13], "texture": "#top"}
			}
		},
		{
			"from": [4, 10, 16],
			"to": [12, 11, 16.25],
			"faces": {
				"north": {"uv": [4, 5, 12, 6], "texture": "#side"},
				"east": {"uv": [4, 5, 4.25, 6], "texture": "#side"},
				"south": {"uv": [4, 5, 12, 6], "texture": "#side"},
				"west": {"uv": [4, 5, 4.25, 6], "texture": "#side"},
				"up": {"uv": [4, 5, 12, 6], "texture": "#side"},
				"down": {"uv": [4, 5, 12, 6], "texture": "#side"}
			}
		},
		{
			"from": [5, 9, 16],
			"to": [11, 10, 16.25],
			"faces": {
				"north": {"uv": [5, 6, 11, 7], "texture": "#side"},
				"east": {"uv": [5, 6, 5.25, 7], "texture": "#side"},
				"south": {"uv": [5, 6, 11, 7], "texture": "#side"},
				"west": {"uv": [5, 6, 5.25, 7], "texture": "#side"},
				"up": {"uv": [5, 6, 11, 7], "texture": "#side"},
				"down": {"uv": [5, 6, 11, 7], "texture": "#side"}
			}
		},
		{
			"from": [6, 8, 16],
			"to": [10, 9, 16.25],
			"faces": {
				"north": {"uv": [6, 7, 10, 8], "texture": "#side"},
				"east": {"uv": [6, 7, 6.25, 8], "texture": "#side"},
				"south": {"uv": [6, 7, 10, 8], "texture": "#side"},
				"west": {"uv": [6, 7, 6.25, 8], "texture": "#side"},
				"up": {"uv": [6, 7, 10, 8], "texture": "#side"},
				"down": {"uv": [6, 7, 10, 8], "texture": "#side"}
			}
		},
		{
			"from": [7, 7, 16],
			"to": [9, 8, 16.25],
			"faces": {
				"north": {"uv": [7, 8, 9, 9], "texture": "#side"},
				"east": {"uv": [7, 8, 9, 9], "texture": "#side"},
				"south": {"uv": [7, 8, 9, 9], "texture": "#side"},
				"west": {"uv": [7, 8, 9, 9], "texture": "#side"},
				"up": {"uv": [7, 8, 9, 9], "texture": "#side"},
				"down": {"uv": [7, 8, 9, 9], "texture": "#side"}
			}
		},
		{
			"from": [16, 10, 4],
			"to": [16.25, 11, 12],
			"faces": {
				"north": {"uv": [4, 5, 4.25, 6], "texture": "#side"},
				"east": {"uv": [4, 5, 12, 6], "texture": "#side"},
				"south": {"uv": [4, 5, 4.25, 6], "texture": "#side"},
				"west": {"uv": [4, 5, 12, 6], "texture": "#side"},
				"up": {"uv": [4, 5, 12, 6], "rotation": 270, "texture": "#side"},
				"down": {"uv": [4, 5, 12, 6], "rotation": 90, "texture": "#side"}
			}
		},
		{
			"from": [16, 9, 5],
			"to": [16.25, 10, 11],
			"faces": {
				"north": {"uv": [5, 6, 5.25, 7], "texture": "#side"},
				"east": {"uv": [5, 6, 11, 7], "texture": "#side"},
				"south": {"uv": [5, 6, 5.25, 7], "texture": "#side"},
				"west": {"uv": [5, 6, 11, 7], "texture": "#side"},
				"up": {"uv": [5, 6, 11, 7], "rotation": 270, "texture": "#side"},
				"down": {"uv": [5, 6, 11, 7], "rotation": 90, "texture": "#side"}
			}
		},
		{
			"from": [16, 8, 6],
			"to": [16.25, 9, 10],
			"faces": {
				"north": {"uv": [6, 7, 6.25, 8], "texture": "#side"},
				"east": {"uv": [6, 7, 10, 8], "texture": "#side"},
				"south": {"uv": [6, 7, 6.25, 8], "texture": "#side"},
				"west": {"uv": [6, 7, 10, 8], "texture": "#side"},
				"up": {"uv": [6, 7, 10, 8], "rotation": 270, "texture": "#side"},
				"down": {"uv": [6, 7, 10, 8], "rotation": 90, "texture": "#side"}
			}
		},
		{
			"from": [16, 7, 7],
			"to": [16.25, 8, 9],
			"faces": {
				"north": {"uv": [7, 8, 9, 9], "texture": "#side"},
				"east": {"uv": [7, 8, 9, 9], "texture": "#side"},
				"south": {"uv": [7, 8, 9, 9], "texture": "#side"},
				"west": {"uv": [7, 8, 9, 9], "texture": "#side"},
				"up": {"uv": [7, 8, 9, 9], "rotation": 270, "texture": "#side"},
				"down": {"uv": [7, 8, 9, 9], "rotation": 90, "texture": "#side"}
			}
		},
		{
			"from": [-0.25, 10, 4],
			"to": [0, 11, 12],
			"faces": {
				"north": {"uv": [4, 5, 4.25, 6], "texture": "#side"},
				"east": {"uv": [4, 5, 12, 6], "texture": "#side"},
				"south": {"uv": [4, 5, 4.25, 6], "texture": "#side"},
				"west": {"uv": [4, 5, 12, 6], "texture": "#side"},
				"up": {"uv": [4, 5, 12, 6], "rotation": 90, "texture": "#side"},
				"down": {"uv": [4, 5, 12, 6], "rotation": 270, "texture": "#side"}
			}
		},
		{
			"from": [-0.25, 9, 5],
			"to": [0, 10, 11],
			"faces": {
				"north": {"uv": [5, 6, 5.25, 7], "texture": "#side"},
				"east": {"uv": [5, 6, 11, 7], "texture": "#side"},
				"south": {"uv": [5, 6, 5.25, 7], "texture": "#side"},
				"west": {"uv": [5, 6, 11, 7], "texture": "#side"},
				"up": {"uv": [5, 6, 11, 7], "rotation": 90, "texture": "#side"},
				"down": {"uv": [5, 6, 11, 7], "rotation": 270, "texture": "#side"}
			}
		},
		{
			"from": [-0.25, 8, 6],
			"to": [0, 9, 10],
			"faces": {
				"north": {"uv": [6, 7, 6.25, 8], "texture": "#side"},
				"east": {"uv": [6, 7, 10, 8], "texture": "#side"},
				"south": {"uv": [6, 7, 6.25, 8], "texture": "#side"},
				"west": {"uv": [6, 7, 10, 8], "texture": "#side"},
				"up": {"uv": [6, 7, 10, 8], "rotation": 90, "texture": "#side"},
				"down": {"uv": [6, 7, 10, 8], "rotation": 270, "texture": "#side"}
			}
		},
		{
			"from": [-0.25, 7, 7],
			"to": [0, 8, 9],
			"faces": {
				"north": {"uv": [7, 8, 9, 9], "texture": "#side"},
				"east": {"uv": [7, 8, 9, 9], "texture": "#side"},
				"south": {"uv": [7, 8, 9, 9], "texture": "#side"},
				"west": {"uv": [7, 8, 9, 9], "texture": "#side"},
				"up": {"uv": [7, 8, 9, 9], "rotation": 90, "texture": "#side"},
				"down": {"uv": [7, 8, 9, 9], "rotation": 270, "texture": "#side"}
			}
		},
		{
			"from": [4, 10, -0.25],
			"to": [12, 11, 0],
			"faces": {
				"north": {"uv": [4, 5, 12, 6], "texture": "#side"},
				"east": {"uv": [4, 5, 4.25, 6], "texture": "#side"},
				"south": {"uv": [4, 5, 12, 6], "texture": "#side"},
				"west": {"uv": [4, 5, 4.25, 6], "texture": "#side"},
				"up": {"uv": [4, 5, 12, 6], "rotation": 180, "texture": "#side"},
				"down": {"uv": [4, 5, 12, 6], "rotation": 180, "texture": "#side"}
			}
		},
		{
			"from": [5, 9, -0.25],
			"to": [11, 10, 0],
			"faces": {
				"north": {"uv": [5, 6, 11, 7], "texture": "#side"},
				"east": {"uv": [5, 6, 5.25, 7], "texture": "#side"},
				"south": {"uv": [5, 6, 11, 7], "texture": "#side"},
				"west": {"uv": [5, 6, 5.25, 7], "texture": "#side"},
				"up": {"uv": [5, 6, 11, 7], "rotation": 180, "texture": "#side"},
				"down": {"uv": [5, 6, 11, 7], "rotation": 180, "texture": "#side"}
			}
		},
		{
			"from": [6, 8, -0.25],
			"to": [10, 9, 0],
			"faces": {
				"north": {"uv": [6, 7, 10, 8], "texture": "#side"},
				"east": {"uv": [6, 7, 6.25, 8], "texture": "#side"},
				"south": {"uv": [6, 7, 10, 8], "texture": "#side"},
				"west": {"uv": [6, 7, 6.25, 8], "texture": "#side"},
				"up": {"uv": [6, 7, 10, 8], "rotation": 180, "texture": "#side"},
				"down": {"uv": [6, 7, 10, 8], "rotation": 180, "texture": "#side"}
			}
		},
		{
			"from": [7, 7, -0.25],
			"to": [9, 8, 0],
			"faces": {
				"north": {"uv": [7, 8, 9, 9], "texture": "#side"},
				"east": {"uv": [7, 8, 9, 9], "texture": "#side"},
				"south": {"uv": [7, 8, 9, 9], "texture": "#side"},
				"west": {"uv": [7, 8, 9, 9], "texture": "#side"},
				"up": {"uv": [7, 8, 9, 9], "rotation": 180, "texture": "#side"},
				"down": {"uv": [7, 8, 9, 9], "rotation": 180, "texture": "#side"}
			}
		},
		{
			"from": [-0.5, 9, -0.5],
			"to": [3, 12.5, 3],
			"faces": {
				"north": {"uv": [13, 4, 16, 7], "texture": "#side"},
				"east": {"uv": [15, 4, 12, 7], "texture": "#side"},
				"south": {"uv": [0, 0, 4.5, 3.5], "texture": "#missing"},
				"west": {"uv": [0, 4, 3, 7], "texture": "#side"},
				"up": {"uv": [13, 13, 16, 16], "rotation": 180, "texture": "#top"},
				"down": {"uv": [12, 4, 16, 7], "texture": "#side"}
			}
		},
		{
			"from": [-0.5, 8, -0.5],
			"to": [3, 9, 3],
			"faces": {
				"north": {"uv": [16, 7, 13, 8], "texture": "#side"},
				"east": {"uv": [0, 6, 3.5, 7], "texture": "#side"},
				"south": {"uv": [0, 0, 3.5, 1], "texture": "#missing"},
				"west": {"uv": [0, 7, 3, 8], "texture": "#side"},
				"up": {"uv": [0, 0, 3.5, 3.5], "texture": "#missing"},
				"down": {"uv": [1, 5, 4, 8], "rotation": 270, "texture": "#side"}
			}
		},
		{
			"from": [-0.5, 9, 3],
			"to": [3, 12.5, 4],
			"faces": {
				"north": {"uv": [0, 0, 3.5, 3.5], "texture": "#missing"},
				"east": {"uv": [2, 3, 3, 6.5], "texture": "#top"},
				"south": {"uv": [16, 8, 13, 5], "texture": "#side"},
				"west": {"uv": [3, 4, 4, 7], "texture": "#side"},
				"up": {"uv": [16, 12, 13, 13], "texture": "#top"},
				"down": {"uv": [0.5, 6, 4, 7], "texture": "#side"}
			}
		},
		{
			"from": [3, 9, -0.5],
			"to": [4, 12.5, 3],
			"faces": {
				"north": {"uv": [12, 4, 13, 7], "texture": "#side"},
				"east": {"uv": [12, 4, 15, 7], "rotation": 90, "texture": "#side"},
				"south": {"uv": [3, 0, 4, 3.5], "texture": "#top"},
				"west": {"uv": [0, 0, 3.5, 3.5], "texture": "#missing"},
				"up": {"uv": [12, 13, 13, 16], "rotation": 180, "texture": "#top"},
				"down": {"uv": [12, 6, 15.5, 7], "rotation": 90, "texture": "#side"}
			}
		},
		{
			"from": [13, 9, -0.5],
			"to": [16.5, 12.5, 3],
			"faces": {
				"north": {"uv": [0, 4, 3, 7], "texture": "#side"},
				"east": {"uv": [13, 4, 16, 7], "texture": "#side"},
				"south": {"uv": [15, 4, 12, 7], "texture": "#side"},
				"west": {"uv": [0, 0, 4.5, 3.5], "texture": "#missing"},
				"up": {"uv": [13, 13, 16, 16], "rotation": 270, "texture": "#top"},
				"down": {"uv": [12, 4, 16, 7], "rotation": 270, "texture": "#side"}
			}
		},
		{
			"from": [13, 8, -0.5],
			"to": [16.5, 9, 3],
			"faces": {
				"north": {"uv": [0, 7, 3, 8], "texture": "#side"},
				"east": {"uv": [16, 7, 13, 8], "texture": "#side"},
				"south": {"uv": [0, 6, 3.5, 7], "texture": "#side"},
				"west": {"uv": [0, 0, 3.5, 1], "texture": "#missing"},
				"up": {"uv": [0, 0, 3.5, 3.5], "rotation": 90, "texture": "#missing"},
				"down": {"uv": [1, 5, 4, 8], "rotation": 180, "texture": "#side"}
			}
		},
		{
			"from": [12, 9, -0.5],
			"to": [13, 12.5, 3],
			"faces": {
				"north": {"uv": [3, 4, 4, 7], "texture": "#side"},
				"east": {"uv": [0, 0, 3.5, 3.5], "texture": "#missing"},
				"south": {"uv": [2, 3, 3, 6.5], "texture": "#top"},
				"west": {"uv": [16, 8, 13, 5], "texture": "#side"},
				"up": {"uv": [16, 12, 13, 13], "rotation": 90, "texture": "#top"},
				"down": {"uv": [0.5, 6, 4, 7], "rotation": 270, "texture": "#side"}
			}
		},
		{
			"from": [13, 9, 3],
			"to": [16.5, 12.5, 4],
			"faces": {
				"north": {"uv": [0, 0, 3.5, 3.5], "texture": "#missing"},
				"east": {"uv": [12, 4, 13, 7], "texture": "#side"},
				"south": {"uv": [12, 4, 15, 7], "rotation": 90, "texture": "#side"},
				"west": {"uv": [3, 0, 4, 3.5], "texture": "#top"},
				"up": {"uv": [12, 13, 13, 16], "rotation": 270, "texture": "#top"},
				"down": {"uv": [12, 6, 15.5, 7], "texture": "#side"}
			}
		},
		{
			"from": [-0.5, 9, 13],
			"to": [3, 12.5, 16.5],
			"faces": {
				"north": {"uv": [15, 4, 12, 7], "texture": "#side"},
				"east": {"uv": [0, 0, 4.5, 3.5], "texture": "#missing"},
				"south": {"uv": [0, 4, 3, 7], "texture": "#side"},
				"west": {"uv": [13, 4, 16, 7], "texture": "#side"},
				"up": {"uv": [13, 13, 16, 16], "rotation": 90, "texture": "#top"},
				"down": {"uv": [12, 4, 16, 7], "rotation": 90, "texture": "#side"}
			}
		},
		{
			"from": [-0.5, 8, 13],
			"to": [3, 9, 16.5],
			"faces": {
				"north": {"uv": [0, 6, 3.5, 7], "texture": "#side"},
				"east": {"uv": [0, 0, 3.5, 1], "texture": "#missing"},
				"south": {"uv": [0, 7, 3, 8], "texture": "#side"},
				"west": {"uv": [16, 7, 13, 8], "texture": "#side"},
				"up": {"uv": [0, 0, 3.5, 3.5], "rotation": 270, "texture": "#missing"},
				"down": {"uv": [1, 5, 4, 8], "texture": "#side"}
			}
		},
		{
			"from": [3, 9, 13],
			"to": [4, 12.5, 16.5],
			"faces": {
				"north": {"uv": [2, 3, 3, 6.5], "texture": "#top"},
				"east": {"uv": [16, 8, 13, 5], "texture": "#side"},
				"south": {"uv": [3, 4, 4, 7], "texture": "#side"},
				"west": {"uv": [0, 0, 3.5, 3.5], "texture": "#missing"},
				"up": {"uv": [16, 12, 13, 13], "rotation": 270, "texture": "#top"},
				"down": {"uv": [0.5, 6, 4, 7], "rotation": 90, "texture": "#side"}
			}
		},
		{
			"from": [-0.5, 9, 12],
			"to": [3, 12.5, 13],
			"faces": {
				"north": {"uv": [12, 4, 15, 7], "rotation": 90, "texture": "#side"},
				"east": {"uv": [3, 0, 4, 3.5], "texture": "#top"},
				"south": {"uv": [0, 0, 3.5, 3.5], "texture": "#missing"},
				"west": {"uv": [12, 4, 13, 7], "texture": "#side"},
				"up": {"uv": [12, 13, 13, 16], "rotation": 90, "texture": "#top"},
				"down": {"uv": [12, 6, 15.5, 7], "rotation": 180, "texture": "#side"}
			}
		},
		{
			"from": [13, 9, 13],
			"to": [16.5, 12.5, 16.5],
			"faces": {
				"north": {"uv": [0, 0, 4.5, 3.5], "texture": "#missing"},
				"east": {"uv": [0, 4, 3, 7], "texture": "#side"},
				"south": {"uv": [13, 4, 16, 7], "texture": "#side"},
				"west": {"uv": [15, 4, 12, 7], "texture": "#side"},
				"up": {"uv": [13, 13, 16, 16], "texture": "#top"},
				"down": {"uv": [12, 4, 16, 7], "rotation": 180, "texture": "#side"}
			}
		},
		{
			"from": [13, 8, 13],
			"to": [16.5, 9, 16.5],
			"faces": {
				"north": {"uv": [0, 0, 3.5, 1], "texture": "#missing"},
				"east": {"uv": [0, 7, 3, 8], "texture": "#side"},
				"south": {"uv": [16, 7, 13, 8], "texture": "#side"},
				"west": {"uv": [0, 6, 3.5, 7], "texture": "#side"},
				"up": {"uv": [0, 0, 3.5, 3.5], "rotation": 180, "texture": "#missing"},
				"down": {"uv": [1, 5, 4, 8], "rotation": 90, "texture": "#side"}
			}
		},
		{
			"from": [13, 9, 12],
			"to": [16.5, 12.5, 13],
			"faces": {
				"north": {"uv": [16, 8, 13, 5], "texture": "#side"},
				"east": {"uv": [3, 4, 4, 7], "texture": "#side"},
				"south": {"uv": [0, 0, 3.5, 3.5], "texture": "#missing"},
				"west": {"uv": [2, 3, 3, 6.5], "texture": "#top"},
				"up": {"uv": [16, 12, 13, 13], "rotation": 180, "texture": "#top"},
				"down": {"uv": [0.5, 6, 4, 7], "rotation": 180, "texture": "#side"}
			}
		},
		{
			"from": [12, 9, 13],
			"to": [13, 12.5, 16.5],
			"faces": {
				"north": {"uv": [3, 0, 4, 3.5], "texture": "#top"},
				"east": {"uv": [0, 0, 3.5, 3.5], "texture": "#missing"},
				"south": {"uv": [12, 4, 13, 7], "texture": "#side"},
				"west": {"uv": [12, 4, 15, 7], "rotation": 90, "texture": "#side"},
				"up": {"uv": [12, 13, 13, 16], "texture": "#top"},
				"down": {"uv": [12, 6, 15.5, 7], "rotation": 270, "texture": "#side"}
			}
		}
	],
	"groups": [
		0,
		{
			"name": "group",
			"origin": [0, 0, 0],
			"color": 0,
			"children": [
				1,
				2,
				3,
				4,
				5,
				6,
				7,
				{
					"name": "group",
					"origin": [0, 0, 0],
					"color": 0,
					"children": [8, 9, 10, 11]
				},
				{
					"name": "group",
					"origin": [0, 0, 0],
					"color": 0,
					"children": [12, 13, 14, 15]
				},
				{
					"name": "group",
					"origin": [0, 0, 0],
					"color": 0,
					"children": [16, 17, 18, 19]
				},
				{
					"name": "group",
					"origin": [0, 0, 0],
					"color": 0,
					"children": [20, 21, 22, 23]
				}
			]
		},
		{
			"name": "group",
			"origin": [8, 8, 8],
			"color": 0,
			"children": [24, 25, 26, 27]
		},
		{
			"name": "group",
			"origin": [8, 8, 8],
			"color": 0,
			"children": [28, 29, 30, 31]
		},
		{
			"name": "group",
			"origin": [8, 8, 8],
			"color": 0,
			"children": [32, 33, 34, 35]
		},
		{
			"name": "group",
			"origin": [8, 8, 8],
			"color": 0,
			"children": [36, 37, 38, 39]
		}
	]
}