{
	"credit": "Made with Blockbench",
	"parent": "minecraft:block/orientable",
	"textures": {
		"top": "block/furnace_top",
		"front": "block/furnace_front",
		"side": "block/furnace_side"
	},
	"elements": [
		{
			"from": [15, 1, 0],
			"to": [16, 15, 1],
			"faces": {
				"north": {"uv": [0, 1, 1, 15], "texture": "#front"},
				"east": {"uv": [15, 1, 16, 15], "texture": "#side"},
				"south": {"uv": [15, 1, 16, 15], "texture": "#side"},
				"west": {"uv": [0, 1, 1, 15], "texture": "#front"},
				"up": {"uv": [15, 0, 16, 1], "texture": "#top"},
				"down": {"uv": [15, 15, 16, 16], "texture": "#missing"}
			}
		},
		{
			"from": [0, 1, 0],
			"to": [1, 15, 1],
			"faces": {
				"north": {"uv": [15, 1, 16, 15], "texture": "#front"},
				"east": {"uv": [15, 1, 16, 15], "texture": "#front"},
				"south": {"uv": [0, 1, 1, 15], "texture": "#side"},
				"west": {"uv": [0, 1, 1, 15], "texture": "#side"},
				"up": {"uv": [0, 0, 1, 1], "texture": "#top"},
				"down": {"uv": [0, 15, 1, 16], "texture": "#missing"}
			}
		},
		{
			"from": [0, 1, 15],
			"to": [1, 15, 16],
			"faces": {
				"north": {"uv": [15, 1, 16, 15], "texture": "#front"},
				"east": {"uv": [0, 1, 1, 15], "texture": "#side"},
				"south": {"uv": [0, 1, 1, 15], "texture": "#side"},
				"west": {"uv": [15, 1, 16, 15], "texture": "#side"},
				"up": {"uv": [0, 15, 1, 16], "texture": "#top"},
				"down": {"uv": [0, 0, 1, 1], "texture": "#missing"}
			}
		},
		{
			"from": [15, 15, 0],
			"to": [16, 16, 16],
			"faces": {
				"north": {"uv": [0, 0, 1, 1], "texture": "#front"},
				"east": {"uv": [0, 0, 16, 1], "texture": "#side"},
				"south": {"uv": [15, 0, 16, 1], "texture": "#side"},
				"west": {"uv": [0, 0, 16, 1], "texture": "#side"},
				"up": {"uv": [15, 0, 16, 16], "texture": "#top"},
				"down": {"uv": [0, 0, 16, 1], "rotation": 90, "texture": "#side"}
			}
		},
		{
			"from": [1, 15, 0],
			"to": [15, 16, 1],
			"faces": {
				"north": {"uv": [1, 0, 15, 1], "texture": "#front"},
				"east": {"uv": [15, 0, 16, 1], "texture": "#side"},
				"south": {"uv": [1, 0, 15, 1], "texture": "#side"},
				"west": {"uv": [0, 0, 1, 1], "texture": "#side"},
				"up": {"uv": [1, 0, 15, 1], "texture": "#top"},
				"down": {"uv": [1, 0, 15, 1], "texture": "#front"}
			}
		},
		{
			"from": [1, 15, 15],
			"to": [15, 16, 16],
			"faces": {
				"north": {"uv": [1, 15, 15, 16], "texture": "#top"},
				"east": {"uv": [0, 0, 1, 1], "texture": "#side"},
				"south": {"uv": [1, 0, 15, 1], "texture": "#side"},
				"west": {"uv": [15, 0, 16, 1], "texture": "#side"},
				"up": {"uv": [1, 15, 15, 16], "texture": "#top"},
				"down": {"uv": [1, 0, 15, 1], "texture": "#front"}
			}
		},
		{
			"from": [0, 15, 0],
			"to": [1, 16, 16],
			"faces": {
				"north": {"uv": [15, 0, 16, 1], "texture": "#front"},
				"east": {"uv": [0, 0, 16, 1], "texture": "#side"},
				"south": {"uv": [0, 0, 1, 1], "texture": "#side"},
				"west": {"uv": [0, 0, 16, 1], "texture": "#side"},
				"up": {"uv": [0, 0, 1, 16], "texture": "#top"},
				"down": {"uv": [16, 0, 0, 1], "rotation": 90, "texture": "#side"}
			}
		},
		{
			"from": [15, 0, 0],
			"to": [16, 1, 16],
			"faces": {
				"north": {"uv": [0, 15, 1, 16], "texture": "#front"},
				"east": {"uv": [0, 15, 16, 16], "texture": "#side"},
				"south": {"uv": [15, 15, 16, 16], "texture": "#side"},
				"west": {"uv": [15, 16, 16, 0], "rotation": 270, "texture": "#top"},
				"up": {"uv": [15, 0, 16, 16], "texture": "#top"},
				"down": {"uv": [15, 0, 16, 16], "texture": "#top"}
			}
		},
		{
			"from": [1, 0, 0],
			"to": [15, 1, 1],
			"faces": {
				"north": {"uv": [1, 15, 15, 16], "texture": "#front"},
				"east": {"uv": [15, 15, 16, 16], "texture": "#side"},
				"south": {"uv": [1, 0, 15, 1], "texture": "#top"},
				"west": {"uv": [0, 15, 1, 16], "texture": "#side"},
				"up": {"uv": [1, 0, 15, 1], "texture": "#top"},
				"down": {"uv": [1, 15, 15, 16], "texture": "#front"}
			}
		},
		{
			"from": [1, 0, 15],
			"to": [15, 1, 16],
			"faces": {
				"north": {"uv": [1, 15, 15, 16], "texture": "#top"},
				"east": {"uv": [0, 15, 1, 16], "texture": "#side"},
				"south": {"uv": [1, 15, 15, 16], "texture": "#top"},
				"west": {"uv": [15, 15, 16, 16], "texture": "#side"},
				"up": {"uv": [1, 15, 15, 16], "texture": "#top"},
				"down": {"uv": [15, 15, 1, 16], "texture": "#top"}
			}
		},
		{
			"from": [0, 0, 0],
			"to": [1, 1, 16],
			"faces": {
				"north": {"uv": [15, 15, 16, 16], "texture": "#front"},
				"east": {"uv": [0, 0, 1, 16], "rotation": 270, "texture": "#top"},
				"south": {"uv": [0, 15, 1, 16], "texture": "#side"},
				"west": {"uv": [0, 15, 16, 16], "texture": "#side"},
				"up": {"uv": [0, 0, 1, 16], "texture": "#top"},
				"down": {"uv": [0, 16, 1, 0], "rotation": 180, "texture": "#top"}
			}
		},
		{
			"from": [15, 1, 15],
			"to": [16, 15, 16],
			"faces": {
				"north": {"uv": [0, 1, 1, 15], "texture": "#front"},
				"east": {"uv": [0, 1, 1, 15], "texture": "#side"},
				"south": {"uv": [15, 1, 16, 15], "texture": "#side"},
				"west": {"uv": [15, 1, 16, 15], "texture": "#side"},
				"up": {"uv": [15, 15, 16, 16], "texture": "#top"},
				"down": {"uv": [15, 0, 16, 1], "texture": "#missing"}
			}
		},
		{
			"from": [0.25, 1, 1],
			"to": [15.75, 7, 15.75],
			"faces": {
				"north": {"uv": [0.25, 9, 15.75, 15], "texture": "#front"},
				"east": {"uv": [0.25, 9, 15, 15], "texture": "#side"},
				"south": {"uv": [0.25, 9, 15.75, 15], "texture": "#side"},
				"west": {"uv": [1, 9, 15.75, 15], "texture": "#side"},
				"up": {"uv": [1, 9, 15, 13], "texture": "#side"},
				"down": {"uv": [0.25, 0.25, 15.75, 15], "texture": "#top"}
			}
		},
		{
			"from": [0.5, 7, 1],
			"to": [15.5, 15, 15.5],
			"faces": {
				"north": {"uv": [0.5, 1, 15.5, 9], "texture": "#front"},
				"east": {"uv": [0.5, 1, 15, 9], "texture": "#side"},
				"south": {"uv": [0.5, 1, 15.5, 9], "texture": "#side"},
				"west": {"uv": [1, 1, 15.5, 9], "texture": "#side"},
				"up": {"uv": [0.5, 1, 15.5, 15.5], "texture": "#top"},
				"down": {"uv": [0.5, 0.5, 15.5, 15], "texture": "#top"}
			}
		},
		{
			"from": [1, 15, 1],
			"to": [15, 15.5, 15],
			"faces": {
				"north": {"uv": [0, 0, 14, 0.5], "texture": "#missing"},
				"east": {"uv": [0, 0, 14, 0.5], "texture": "#missing"},
				"south": {"uv": [0, 0, 14, 0.5], "texture": "#missing"},
				"west": {"uv": [0, 0, 14, 0.5], "texture": "#missing"},
				"up": {"uv": [1, 1, 15, 15], "texture": "#top"},
				"down": {"uv": [1, 1, 15, 15], "texture": "#top"}
			}
		},
		{
			"from": [1, 0.5, 1],
			"to": [15, 1, 15],
			"faces": {
				"north": {"uv": [1, 15, 15, 15.5], "texture": "#missing"},
				"east": {"uv": [1, 15, 15, 15.5], "texture": "#missing"},
				"south": {"uv": [1, 15, 15, 15.5], "texture": "#missing"},
				"west": {"uv": [1, 15, 15, 15.5], "texture": "#missing"},
				"up": {"uv": [1, 1, 15, 15], "texture": "#top"},
				"down": {"uv": [1, 1, 15, 15], "texture": "#top"}
			}
		},
		{
			"from": [1, 1, 0.25],
			"to": [3, 7, 1],
			"faces": {
				"north": {"uv": [13, 9, 15, 15], "texture": "#front"},
				"east": {"uv": [13, 9, 13.75, 15], "texture": "#front"},
				"south": {"uv": [0, 0, 2, 6], "texture": "#missing"},
				"west": {"uv": [0, 0, 0.75, 6], "texture": "#missing"},
				"up": {"uv": [13, 9, 15, 9.75], "texture": "#front"},
				"down": {"uv": [0, 0, 2, 0.75], "texture": "#missing"}
			}
		},
		{
			"from": [13, 1, 0.25],
			"to": [15, 7, 1],
			"faces": {
				"north": {"uv": [1, 9, 3, 15], "texture": "#front"},
				"east": {"uv": [1, 9, 1.75, 15], "texture": "#front"},
				"south": {"uv": [0, 0, 2, 6], "texture": "#missing"},
				"west": {"uv": [2, 9, 2.75, 15], "texture": "#front"},
				"up": {"uv": [1, 9, 3, 9.75], "texture": "#front"},
				"down": {"uv": [0, 0, 2, 0.75], "texture": "#missing"}
			}
		},
		{
			"from": [12, 3, 0.25],
			"to": [13, 7, 1],
			"faces": {
				"north": {"uv": [3, 9, 4, 13], "texture": "#front"},
				"east": {"uv": [3, 9, 3.75, 13], "texture": "#front"},
				"south": {"uv": [0, 0, 2, 6], "texture": "#missing"},
				"west": {"uv": [3, 9, 3.75, 13], "texture": "#front"},
				"up": {"uv": [3, 9, 4, 9.75], "texture": "#front"},
				"down": {"uv": [3, 12, 4, 12.75], "texture": "#front"}
			}
		},
		{
			"from": [11, 4, 0.25],
			"to": [12, 7, 1],
			"faces": {
				"north": {"uv": [3, 9, 4, 12], "texture": "#front"},
				"east": {"uv": [3, 9, 3.75, 12], "texture": "#front"},
				"south": {"uv": [0, 0, 2, 6], "texture": "#missing"},
				"west": {"uv": [3, 9, 3.75, 12], "texture": "#front"},
				"up": {"uv": [3, 9, 4, 9.75], "texture": "#front"},
				"down": {"uv": [3, 11, 4, 11.75], "texture": "#front"}
			}
		},
		{
			"from": [4, 4, 0.25],
			"to": [5, 7, 1],
			"faces": {
				"north": {"uv": [11, 9, 12, 12], "texture": "#front"},
				"east": {"uv": [11, 9, 11.75, 12], "texture": "#front"},
				"south": {"uv": [0, 0, 2, 6], "texture": "#missing"},
				"west": {"uv": [11, 9, 11.75, 12], "texture": "#front"},
				"up": {"uv": [11, 9, 12, 9.75], "texture": "#front"},
				"down": {"uv": [11, 11, 12, 11.75], "texture": "#front"}
			}
		},
		{
			"from": [5, 5, 0.25],
			"to": [11, 7, 1],
			"faces": {
				"north": {"uv": [5, 9, 11, 11], "texture": "#front"},
				"east": {"uv": [5, 9, 5.75, 11], "texture": "#front"},
				"south": {"uv": [0, 0, 2, 6], "texture": "#missing"},
				"west": {"uv": [10, 9, 10.75, 11], "texture": "#front"},
				"up": {"uv": [5, 9, 11, 9.75], "texture": "#front"},
				"down": {"uv": [5, 10, 11, 10.75], "texture": "#front"}
			}
		},
		{
			"from": [3, 3, 0.25],
			"to": [4, 7, 1],
			"faces": {
				"north": {"uv": [12, 9, 13, 13], "texture": "#front"},
				"east": {"uv": [12, 9, 12.75, 13], "texture": "#front"},
				"south": {"uv": [0, 0, 2, 6], "texture": "#missing"},
				"west": {"uv": [12, 9, 12.75, 13], "texture": "#front"},
				"up": {"uv": [12, 9, 13, 9.75], "texture": "#front"},
				"down": {"uv": [12, 12, 13, 12.75], "texture": "#front"}
			}
		},
		{
			"from": [1, 7, 0.5],
			"to": [15, 9, 1],
			"faces": {
				"north": {"uv": [1, 7, 15, 9], "texture": "#front"},
				"east": {"uv": [0, 0, 0.5, 2], "texture": "#missing"},
				"south": {"uv": [0, 0, 14, 2], "texture": "#missing"},
				"west": {"uv": [0, 0, 0.5, 2], "texture": "#missing"},
				"up": {"uv": [1, 7, 15, 7.5], "texture": "#front"},
				"down": {"uv": [0, 0, 14, 0.5], "texture": "#missing"}
			}
		},
		{
			"from": [1, 9, 0.5],
			"to": [3, 15, 1],
			"faces": {
				"north": {"uv": [13, 1, 15, 7], "texture": "#front"},
				"east": {"uv": [13, 1, 13.5, 7], "texture": "#front"},
				"south": {"uv": [13, 1, 15, 7], "texture": "#missing"},
				"west": {"uv": [14.5, 1, 15, 7], "texture": "#missing"},
				"up": {"uv": [13, 1.5, 15, 2], "texture": "#front"},
				"down": {"uv": [13, 6, 15, 6.5], "texture": "#missing"}
			}
		},
		{
			"from": [13, 9, 0.5],
			"to": [15, 15, 1],
			"faces": {
				"north": {"uv": [1, 1, 3, 7], "texture": "#front"},
				"east": {"uv": [1, 1, 1.5, 7], "texture": "#front"},
				"south": {"uv": [1, 1, 3, 7], "texture": "#missing"},
				"west": {"uv": [2.5, 1, 3, 7], "texture": "#front"},
				"up": {"uv": [1, 1.5, 3, 2], "texture": "#front"},
				"down": {"uv": [1, 6, 3, 6.5], "texture": "#front"}
			}
		},
		{
			"from": [3, 12, 0.5],
			"to": [4, 15, 1],
			"faces": {
				"north": {"uv": [12, 1, 13, 4], "texture": "#front"},
				"east": {"uv": [12, 1, 13, 4], "texture": "#front"},
				"south": {"uv": [12, 1, 13, 4], "texture": "#front"},
				"west": {"uv": [12, 1, 13, 4], "texture": "#front"},
				"up": {"uv": [12, 1, 13, 4], "texture": "#front"},
				"down": {"uv": [12, 3, 13, 4], "texture": "#front"}
			}
		},
		{
			"from": [12, 12, 0.5],
			"to": [13, 15, 1],
			"faces": {
				"north": {"uv": [3, 1, 4, 4], "texture": "#front"},
				"east": {"uv": [3, 1, 4, 4], "texture": "#front"},
				"south": {"uv": [3, 1, 4, 4], "texture": "#front"},
				"west": {"uv": [3, 1, 4, 4], "texture": "#front"},
				"up": {"uv": [3, 1, 4, 4], "texture": "#front"},
				"down": {"uv": [3, 3, 4, 4], "texture": "#front"}
			}
		},
		{
			"from": [4, 13, 0.5],
			"to": [12, 15, 1],
			"faces": {
				"north": {"uv": [4, 1, 12, 3], "texture": "#front"},
				"east": {"uv": [0, 0, 0.5, 2], "texture": "#missing"},
				"south": {"uv": [0, 0, 8, 2], "texture": "#missing"},
				"west": {"uv": [0, 0, 0.5, 2], "texture": "#missing"},
				"up": {"uv": [0, 0, 8, 0.5], "texture": "#missing"},
				"down": {"uv": [4, 2, 12, 2.5], "texture": "#front"}
			}
		}
	],
	"groups": [
		{
			"name": "group",
			"origin": [8, 8, 8],
			"color": 0,
			"children": [
				{
					"name": "group",
					"origin": [8, 8, 8],
					"color": 0,
					"children": [0, 1, 2, 3, 4, 5, 6, 7, 8, 9, 10, 11]
				},
				{
					"name": "group",
					"origin": [8, 8, 8],
					"color": 0,
					"children": [12, 13, 14, 15]
				},
				{
					"name": "group",
					"origin": [8, 8, 8],
					"color": 0,
					"children": [16, 17, 18, 19, 20, 21, 22]
				}
			]
		},
		{
			"name": "group",
			"origin": [8, 8, 8],
			"color": 0,
			"children": [23, 24, 25, 26, 27, 28]
		}
	]
}