{
	"credit": "Made with Blockbench",
	"parent": "minecraft:block/orientable_with_bottom",
	"textures": {
		"0": "block/loom_bottom",
		"1": "block/loom_front",
		"2": "block/loom_side",
		"3": "block/loom_top",
		"particle": "block/loom_bottom"
	},
	"elements": [
		{
			"from": [0, 0, 0],
			"to": [16, 2, 16],
			"faces": {
				"north": {"uv": [0, 14, 16, 16], "texture": "#1"},
				"east": {"uv": [0, 14, 16, 16], "texture": "#2"},
				"south": {"uv": [0, 14, 16, 16], "texture": "#2"},
				"west": {"uv": [0, 14, 16, 16], "texture": "#2"},
				"up": {"uv": [0, 0, 16, 15], "texture": "#2"},
				"down": {"uv": [0, 0, 16, 16], "texture": "#0"}
			}
		},
		{
			"from": [0, 2, 0],
			"to": [1, 16, 1],
			"faces": {
				"north": {"uv": [15, 0, 16, 14], "texture": "#1"},
				"east": {"uv": [15, 0, 16, 14], "texture": "#2"},
				"south": {"uv": [15, 0, 16, 14], "texture": "#2"},
				"west": {"uv": [15, 0, 16, 14], "texture": "#2"},
				"up": {"uv": [0, 0, 1, 1], "texture": "#3"},
				"down": {"uv": [15, 0, 16, 14], "texture": "#2"}
			}
		},
		{
			"from": [0, 2, 15],
			"to": [1, 16, 16],
			"faces": {
				"north": {"uv": [15, 0, 16, 14], "texture": "#2"},
				"east": {"uv": [15, 0, 16, 14], "texture": "#2"},
				"south": {"uv": [15, 0, 16, 14], "texture": "#2"},
				"west": {"uv": [0, 0, 1, 14], "texture": "#2"},
				"up": {"uv": [0, 15, 1, 16], "texture": "#3"},
				"down": {"uv": [15, 0, 16, 14], "texture": "#2"}
			}
		},
		{
			"from": [15, 2, 15],
			"to": [16, 16, 16],
			"faces": {
				"north": {"uv": [0, 0, 1, 14], "texture": "#2"},
				"east": {"uv": [0, 0, 1, 14], "texture": "#2"},
				"south": {"uv": [15, 0, 16, 14], "texture": "#2"},
				"west": {"uv": [0, 0, 1, 14], "texture": "#2"},
				"up": {"uv": [15, 15, 16, 16], "texture": "#3"},
				"down": {"uv": [0, 0, 1, 14], "texture": "#2"}
			}
		},
		{
			"from": [15, 2, 0],
			"to": [16, 16, 1],
			"faces": {
				"north": {"uv": [0, 0, 1, 14], "texture": "#1"},
				"east": {"uv": [15, 0, 16, 14], "texture": "#2"},
				"south": {"uv": [0, 0, 1, 14], "texture": "#2"},
				"west": {"uv": [0, 0, 1, 14], "texture": "#2"},
				"up": {"uv": [15, 0, 16, 1], "texture": "#3"},
				"down": {"uv": [0, 0, 1, 14], "texture": "#2"}
			}
		},
		{
			"from": [0, 7, 1],
			"to": [1, 9, 15],
			"faces": {
				"north": {"uv": [0, 0, 1, 2], "texture": "#missing"},
				"east": {"uv": [2, 8, 16, 10], "texture": "#1"},
				"south": {"uv": [0, 0, 1, 2], "texture": "#missing"},
				"west": {"uv": [1, 7, 15, 9], "texture": "#2"},
				"up": {"uv": [1, 7, 15, 8], "rotation": 270, "texture": "#2"},
				"down": {"uv": [1, 8, 15, 9], "rotation": 270, "texture": "#2"}
			}
		},
		{
			"from": [1, 7, 15],
			"to": [15, 9, 16],
			"faces": {
				"north": {"uv": [0, 0, 14, 2], "texture": "#missing"},
				"east": {"uv": [0, 0, 1, 2], "texture": "#missing"},
				"south": {"uv": [1, 7, 15, 9], "texture": "#2"},
				"west": {"uv": [0, 0, 1, 2], "texture": "#missing"},
				"up": {"uv": [1, 7, 15, 8], "rotation": 180, "texture": "#2"},
				"down": {"uv": [1, 8, 15, 9], "texture": "#2"}
			}
		},
		{
			"from": [15, 7, 1],
			"to": [16, 9, 15],
			"faces": {
				"north": {"uv": [0, 0, 1, 2], "texture": "#missing"},
				"east": {"uv": [1, 7, 15, 9], "texture": "#2"},
				"south": {"uv": [0, 0, 1, 2], "texture": "#missing"},
				"west": {"uv": [0, 0, 14, 2], "texture": "#missing"},
				"up": {"uv": [1, 7, 15, 8], "rotation": 270, "texture": "#2"},
				"down": {"uv": [15, 8, 1, 9], "rotation": 270, "texture": "#2"}
			}
		},
		{
			"from": [0, 15, 1],
			"to": [1, 16, 15],
			"faces": {
				"north": {"uv": [0, 0, 1, 1], "texture": "#missing"},
				"east": {"uv": [0, 1, 1, 15], "rotation": 270, "texture": "#3"},
				"south": {"uv": [0, 0, 1, 1], "texture": "#missing"},
				"west": {"uv": [1, 0, 15, 1], "texture": "#2"},
				"up": {"uv": [0, 1, 1, 15], "texture": "#3"},
				"down": {"uv": [0, 0, 1, 14], "texture": "#2"}
			}
		},
		{
			"from": [15, 15, 1],
			"to": [16, 16, 15],
			"faces": {
				"north": {"uv": [0, 0, 1, 1], "texture": "#missing"},
				"east": {"uv": [1, 0, 15, 1], "texture": "#2"},
				"south": {"uv": [0, 0, 1, 1], "texture": "#missing"},
				"west": {"uv": [15, 1, 16, 15], "rotation": 270, "texture": "#3"},
				"up": {"uv": [15, 1, 16, 15], "texture": "#3"},
				"down": {"uv": [0, 0, 1, 14], "texture": "#2"}
			}
		},
		{
			"from": [1, 15, 15],
			"to": [15, 16, 16],
			"faces": {
				"north": {"uv": [1, 15, 15, 16], "texture": "#3"},
				"east": {"uv": [0, 0, 1, 1], "texture": "#missing"},
				"south": {"uv": [1, 0, 15, 1], "texture": "#2"},
				"west": {"uv": [0, 0, 1, 1], "texture": "#missing"},
				"up": {"uv": [1, 15, 15, 16], "texture": "#3"},
				"down": {"uv": [1, 0, 15, 1], "texture": "#2"}
			}
		},
		{
			"from": [1, 5, 0],
			"to": [15, 6, 1],
			"faces": {
				"north": {"uv": [1, 10, 15, 11], "texture": "#1"},
				"east": {"uv": [1, 10, 2, 11], "texture": "#1"},
				"south": {"uv": [1, 10, 15, 11], "texture": "#1"},
				"west": {"uv": [1, 10, 2, 11], "texture": "#1"},
				"up": {"uv": [1, 10, 15, 11], "texture": "#1"},
				"down": {"uv": [1, 10, 15, 11], "texture": "#1"}
			}
		},
		{
			"from": [1, 7, 0],
			"to": [15, 8, 2],
			"faces": {
				"north": {"uv": [1, 8, 15, 9], "texture": "#1"},
				"east": {"uv": [1, 8, 15, 9], "texture": "#1"},
				"south": {"uv": [1, 8, 15, 9], "texture": "#1"},
				"west": {"uv": [1, 8, 15, 9], "texture": "#1"},
				"up": {"uv": [1, 8, 15, 9], "texture": "#1"},
				"down": {"uv": [1, 8, 15, 9], "texture": "#1"}
			}
		},
		{
			"from": [1, 6, 0],
			"to": [2, 7, 1],
			"faces": {
				"north": {"uv": [14, 9, 15, 10], "texture": "#1"},
				"east": {"uv": [14, 9, 15, 10], "texture": "#1"},
				"south": {"uv": [14, 9, 15, 10], "texture": "#1"},
				"west": {"uv": [14, 9, 15, 10], "texture": "#1"},
				"up": {"uv": [14, 9, 15, 10], "texture": "#1"},
				"down": {"uv": [14, 9, 15, 10], "texture": "#1"}
			}
		},
		{
			"from": [14, 6, 0],
			"to": [15, 7, 1],
			"faces": {
				"north": {"uv": [1, 9, 2, 10], "texture": "#1"},
				"east": {"uv": [1, 9, 2, 10], "texture": "#1"},
				"south": {"uv": [1, 9, 2, 10], "texture": "#1"},
				"west": {"uv": [1, 9, 2, 10], "texture": "#1"},
				"up": {"uv": [1, 9, 2, 10], "texture": "#1"},
				"down": {"uv": [1, 9, 2, 10], "texture": "#1"}
			}
		},
		{
			"from": [1, 15, 12],
			"to": [15, 16, 13],
			"faces": {
				"north": {"uv": [1, 12, 15, 13], "texture": "#3"},
				"east": {"uv": [1, 12, 15, 13], "texture": "#3"},
				"south": {"uv": [1, 12, 15, 13], "texture": "#3"},
				"west": {"uv": [1, 12, 15, 13], "texture": "#3"},
				"up": {"uv": [1, 12, 15, 13], "texture": "#3"},
				"down": {"uv": [1, 12, 15, 13], "texture": "#3"}
			}
		},
		{
			"from": [2, 6, 0.25],
			"to": [14, 7, 1],
			"faces": {
				"north": {"uv": [2, 9, 14, 10], "texture": "#1"},
				"east": {"uv": [0, 0, 0.75, 1], "texture": "#missing"},
				"south": {"uv": [0, 0, 12, 1], "texture": "#missing"},
				"west": {"uv": [0, 0, 0.75, 1], "texture": "#missing"},
				"up": {"uv": [0, 0, 12, 0.75], "texture": "#missing"},
				"down": {"uv": [0, 0, 12, 0.75], "texture": "#missing"}
			}
		},
		{
			"from": [1, 2, 1],
			"to": [15, 5, 2],
			"faces": {
				"north": {"uv": [1, 11, 15, 14], "texture": "#1"},
				"east": {"uv": [0, 0, 1, 3], "texture": "#missing"},
				"south": {"uv": [0, 0, 14, 3], "texture": "#missing"},
				"west": {"uv": [0, 0, 1, 3], "texture": "#missing"},
				"up": {"uv": [0, 0, 14, 1], "texture": "#missing"},
				"down": {"uv": [0, 0, 14, 1], "texture": "#missing"}
			}
		},
		{
			"from": [2, 14, 1],
			"to": [3, 15, 15],
			"faces": {
				"north": {"uv": [13, 1, 14, 2], "texture": "#1"},
				"east": {"uv": [2, 15, 3, 1], "rotation": 270, "texture": "#3"},
				"south": {"uv": [0, 0, 1, 1], "texture": "#missing"},
				"west": {"uv": [2, 1, 3, 15], "rotation": 270, "texture": "#3"},
				"up": {"uv": [2, 1, 3, 15], "texture": "#3"},
				"down": {"uv": [0, 0, 1, 14], "texture": "#missing"}
			}
		},
		{
			"from": [4, 14, 1],
			"to": [5, 15, 15],
			"faces": {
				"north": {"uv": [11, 1, 12, 2], "texture": "#1"},
				"east": {"uv": [4, 15, 5, 1], "rotation": 270, "texture": "#3"},
				"south": {"uv": [0, 0, 1, 1], "texture": "#missing"},
				"west": {"uv": [4, 1, 5, 15], "rotation": 270, "texture": "#3"},
				"up": {"uv": [4, 1, 5, 15], "texture": "#3"},
				"down": {"uv": [0, 0, 1, 14], "texture": "#missing"}
			}
		},
		{
			"from": [6, 14, 1],
			"to": [7, 15, 15],
			"faces": {
				"north": {"uv": [9, 1, 10, 2], "texture": "#1"},
				"east": {"uv": [6, 15, 7, 1], "rotation": 270, "texture": "#3"},
				"south": {"uv": [0, 0, 1, 1], "texture": "#missing"},
				"west": {"uv": [6, 1, 7, 15], "rotation": 270, "texture": "#3"},
				"up": {"uv": [6, 1, 7, 15], "texture": "#3"},
				"down": {"uv": [0, 0, 1, 14], "texture": "#missing"}
			}
		},
		{
			"from": [8, 14, 1],
			"to": [9, 15, 15],
			"faces": {
				"north": {"uv": [7, 1, 8, 2], "texture": "#1"},
				"east": {"uv": [8, 15, 9, 1], "rotation": 270, "texture": "#3"},
				"south": {"uv": [0, 0, 1, 1], "texture": "#missing"},
				"west": {"uv": [8, 1, 9, 15], "rotation": 270, "texture": "#3"},
				"up": {"uv": [8, 1, 9, 15], "texture": "#3"},
				"down": {"uv": [0, 0, 1, 14], "texture": "#missing"}
			}
		},
		{
			"from": [10, 14, 1],
			"to": [11, 15, 15],
			"faces": {
				"north": {"uv": [5, 1, 6, 2], "texture": "#1"},
				"east": {"uv": [10, 15, 11, 1], "rotation": 270, "texture": "#3"},
				"south": {"uv": [0, 0, 1, 1], "texture": "#missing"},
				"west": {"uv": [10, 1, 11, 15], "rotation": 270, "texture": "#3"},
				"up": {"uv": [10, 1, 11, 15], "texture": "#3"},
				"down": {"uv": [0, 0, 1, 14], "texture": "#missing"}
			}
		},
		{
			"from": [12, 14, 1],
			"to": [13, 15, 15],
			"faces": {
				"north": {"uv": [1, 1, 2, 2], "texture": "#1"},
				"east": {"uv": [12, 15, 13, 1], "rotation": 270, "texture": "#3"},
				"south": {"uv": [0, 0, 1, 1], "texture": "#missing"},
				"west": {"uv": [12, 1, 13, 15], "rotation": 270, "texture": "#3"},
				"up": {"uv": [12, 1, 13, 15], "texture": "#3"},
				"down": {"uv": [0, 0, 1, 14], "texture": "#missing"}
			}
		},
		{
			"from": [14, 14, 1],
			"to": [15, 15, 15],
			"faces": {
				"north": {"uv": [13, 1, 14, 2], "texture": "#1"},
				"east": {"uv": [14, 15, 15, 1], "rotation": 270, "texture": "#3"},
				"south": {"uv": [0, 0, 1, 1], "texture": "#missing"},
				"west": {"uv": [14, 1, 15, 15], "rotation": 270, "texture": "#3"},
				"up": {"uv": [14, 1, 15, 15], "texture": "#3"},
				"down": {"uv": [0, 0, 1, 14], "texture": "#missing"}
			}
		},
		{
			"from": [2, 8, 1],
			"to": [3, 14, 2],
			"faces": {
				"north": {"uv": [13, 2, 14, 8], "texture": "#1"},
				"east": {"uv": [13, 2, 14, 8], "texture": "#1"},
				"south": {"uv": [13, 2, 14, 8], "texture": "#1"},
				"west": {"uv": [13, 2, 14, 8], "texture": "#1"},
				"up": {"uv": [13, 2, 14, 8], "texture": "#1"},
				"down": {"uv": [13, 2, 14, 8], "texture": "#1"}
			}
		},
		{
			"from": [4, 8, 1],
			"to": [5, 14, 2],
			"faces": {
				"north": {"uv": [11, 2, 12, 8], "texture": "#1"},
				"east": {"uv": [11, 2, 12, 8], "texture": "#1"},
				"south": {"uv": [11, 2, 12, 8], "texture": "#1"},
				"west": {"uv": [11, 2, 12, 8], "texture": "#1"},
				"up": {"uv": [11, 2, 12, 8], "texture": "#1"},
				"down": {"uv": [11, 2, 12, 8], "texture": "#1"}
			}
		},
		{
			"from": [6, 8, 1],
			"to": [7, 14, 2],
			"faces": {
				"north": {"uv": [9, 2, 10, 8], "texture": "#1"},
				"east": {"uv": [9, 2, 10, 8], "texture": "#1"},
				"south": {"uv": [9, 2, 10, 8], "texture": "#1"},
				"west": {"uv": [9, 2, 10, 8], "texture": "#1"},
				"up": {"uv": [9, 2, 10, 8], "texture": "#1"},
				"down": {"uv": [9, 2, 10, 8], "texture": "#1"}
			}
		},
		{
			"from": [8, 8, 1],
			"to": [9, 14, 2],
			"faces": {
				"north": {"uv": [7, 2, 8, 8], "texture": "#1"},
				"east": {"uv": [7, 2, 8, 8], "texture": "#1"},
				"south": {"uv": [7, 2, 8, 8], "texture": "#1"},
				"west": {"uv": [7, 2, 8, 8], "texture": "#1"},
				"up": {"uv": [7, 2, 8, 8], "texture": "#1"},
				"down": {"uv": [7, 2, 8, 8], "texture": "#1"}
			}
		},
		{
			"from": [10, 8, 1],
			"to": [11, 14, 2],
			"faces": {
				"north": {"uv": [5, 2, 6, 8], "texture": "#1"},
				"east": {"uv": [5, 2, 6, 8], "texture": "#1"},
				"south": {"uv": [5, 2, 6, 8], "texture": "#1"},
				"west": {"uv": [5, 2, 6, 8], "texture": "#1"},
				"up": {"uv": [5, 2, 6, 8], "texture": "#1"},
				"down": {"uv": [5, 2, 6, 8], "texture": "#1"}
			}
		},
		{
			"from": [12, 8, 1],
			"to": [13, 14, 2],
			"faces": {
				"north": {"uv": [3, 2, 4, 8], "texture": "#1"},
				"east": {"uv": [3, 2, 4, 8], "texture": "#1"},
				"south": {"uv": [3, 2, 4, 8], "texture": "#1"},
				"west": {"uv": [3, 2, 4, 8], "texture": "#1"},
				"up": {"uv": [3, 2, 4, 8], "texture": "#1"},
				"down": {"uv": [3, 2, 4, 8], "texture": "#1"}
			}
		},
		{
			"from": [14, 8, 1],
			"to": [15, 14, 2],
			"faces": {
				"north": {"uv": [1, 2, 2, 8], "texture": "#1"},
				"east": {"uv": [1, 2, 2, 8], "texture": "#1"},
				"south": {"uv": [1, 2, 2, 8], "texture": "#1"},
				"west": {"uv": [1, 2, 2, 8], "texture": "#1"},
				"up": {"uv": [1, 2, 2, 8], "texture": "#1"},
				"down": {"uv": [1, 2, 2, 8], "texture": "#1"}
			}
		},
		{
			"from": [1, 8, 1.25],
			"to": [15, 14.75, 15],
			"faces": {
				"north": {"uv": [15, 8, 1, 1.25], "rotation": 180, "texture": "#1"},
				"east": {"uv": [0, 0, 13, 6], "texture": "#missing"},
				"south": {"uv": [0, 0, 14, 6], "texture": "#missing"},
				"west": {"uv": [0, 0, 13, 6], "texture": "#missing"},
				"up": {"uv": [1, 1.25, 15, 15], "texture": "#3"},
				"down": {"uv": [0, 0, 14, 13], "texture": "#missing"}
			}
		},
		{
			"from": [0.25, 2, 1],
			"to": [1, 7, 15],
			"faces": {
				"north": {"uv": [0, 0, 0.75, 5], "texture": "#missing"},
				"east": {"uv": [1, 9, 15, 14], "texture": "#2"},
				"south": {"uv": [0, 0, 0.75, 5], "texture": "#missing"},
				"west": {"uv": [1, 9, 15, 14], "texture": "#2"},
				"up": {"uv": [0, 0, 0.75, 14], "texture": "#missing"},
				"down": {"uv": [0, 0, 0.75, 14], "texture": "#missing"}
			}
		},
		{
			"from": [1, 2, 15],
			"to": [15, 7, 15.75],
			"faces": {
				"north": {"uv": [1, 9, 15, 14], "texture": "#2"},
				"east": {"uv": [0, 0, 0.75, 5], "texture": "#missing"},
				"south": {"uv": [1, 9, 15, 14], "texture": "#2"},
				"west": {"uv": [0, 0, 0.75, 5], "texture": "#missing"},
				"up": {"uv": [0, 0, 0.75, 14], "rotation": 270, "texture": "#missing"},
				"down": {"uv": [0, 0, 0.75, 14], "rotation": 90, "texture": "#missing"}
			}
		},
		{
			"from": [15, 2, 1],
			"to": [15.75, 7, 15],
			"faces": {
				"north": {"uv": [0, 0, 0.75, 5], "texture": "#missing"},
				"east": {"uv": [1, 9, 15, 14], "texture": "#2"},
				"south": {"uv": [0, 0, 0.75, 5], "texture": "#missing"},
				"west": {"uv": [1, 9, 15, 14], "texture": "#2"},
				"up": {"uv": [0, 0, 0.75, 14], "rotation": 180, "texture": "#missing"},
				"down": {"uv": [0, 0, 0.75, 14], "rotation": 180, "texture": "#missing"}
			}
		},
		{
			"from": [15, 9, 1],
			"to": [15.75, 15, 15],
			"faces": {
				"north": {"uv": [0, 0, 0.75, 5], "texture": "#missing"},
				"east": {"uv": [1, 1, 15, 7], "texture": "#2"},
				"south": {"uv": [0, 0, 0.75, 5], "texture": "#missing"},
				"west": {"uv": [1, 1, 15, 7], "texture": "#2"},
				"up": {"uv": [0, 0, 0.75, 14], "rotation": 180, "texture": "#missing"},
				"down": {"uv": [0, 0, 0.75, 14], "rotation": 180, "texture": "#missing"}
			}
		},
		{
			"from": [1, 9, 15],
			"to": [15, 15, 15.75],
			"faces": {
				"north": {"uv": [1, 1, 15, 7], "texture": "#2"},
				"east": {"uv": [0, 0, 0.75, 5], "texture": "#missing"},
				"south": {"uv": [1, 1, 15, 7], "texture": "#2"},
				"west": {"uv": [0, 0, 0.75, 5], "texture": "#missing"},
				"up": {"uv": [0, 0, 0.75, 14], "rotation": 270, "texture": "#missing"},
				"down": {"uv": [0, 0, 0.75, 14], "rotation": 90, "texture": "#missing"}
			}
		},
		{
			"from": [0.25, 9, 1],
			"to": [1, 15, 15],
			"faces": {
				"north": {"uv": [0, 0, 0.75, 5], "texture": "#missing"},
				"east": {"uv": [0, 1, 1, 15], "rotation": 270, "texture": "#3"},
				"south": {"uv": [0, 0, 0.75, 5], "texture": "#missing"},
				"west": {"uv": [1, 1, 15, 7], "texture": "#2"},
				"up": {"uv": [0, 0, 0.75, 14], "texture": "#missing"},
				"down": {"uv": [0, 0, 0.75, 14], "texture": "#missing"}
			}
		}
	],
	"groups": [
		{
			"name": "group",
			"origin": [8, 8, 8],
			"color": 0,
			"children": [0, 1, 2, 3, 4, 5, 6, 7, 8, 9, 10]
		},
		{
			"name": "group",
			"origin": [8, 8, 8],
			"color": 0,
			"children": [11, 12, 13, 14, 15, 16, 17]
		},
		{
			"name": "group",
			"origin": [8, 8, 8],
			"color": 0,
			"children": [
				18,
				19,
				20,
				21,
				22,
				23,
				24,
				{
					"name": "group",
					"origin": [8, 8, 8],
					"color": 0,
					"children": [25, 26, 27, 28, 29, 30, 31]
				},
				{
					"name": "group",
					"origin": [8, 8, 8],
					"color": 0,
					"children": [32]
				}
			]
		},
		{
			"name": "group",
			"origin": [0, 0, 0],
			"color": 0,
			"children": [33, 34, 35, 36, 37, 38]
		}
	]
}