{
	"credit": "Made with Blockbench",
	"parent": "block/cube_column",
	"textures": {
		"end": "block/pumpkin_top",
		"side": "block/pumpkin_side"
	},
	"elements": [
		{
			"from": [0, 0, 0],
			"to": [16, 16, 16],
			"faces": {
				"north": {"uv": [0, 0, 16, 16], "texture": "#side"},
				"east": {"uv": [0, 0, 16, 16], "texture": "#side"},
				"south": {"uv": [0, 0, 16, 16], "texture": "#side"},
				"west": {"uv": [0, 0, 16, 16], "texture": "#side"},
				"up": {"uv": [0, 0, 16, 16], "texture": "#end"},
				"down": {"uv": [0, 0, 16, 16], "texture": "#end"}
			}
		},
		{
			"from": [5, 16, 5],
			"to": [7, 16.5, 7],
			"faces": {
				"north": {"uv": [7, 5, 5, 6], "texture": "#end"},
				"east": {"uv": [6, 5, 7, 7], "rotation": 90, "texture": "#end"},
				"south": {"uv": [5, 6, 7, 7], "texture": "#end"},
				"west": {"uv": [5, 7, 6, 5], "rotation": 90, "texture": "#end"},
				"up": {"uv": [5, 5, 7, 7], "texture": "#end"},
				"down": {"uv": [0, 0, 2, 2], "texture": "#end"}
			}
		},
		{
			"from": [7, 16, 7],
			"to": [9, 16.5, 9],
			"faces": {
				"north": {"uv": [7, 8, 9, 9], "texture": "#end"},
				"east": {"uv": [8, 7, 9, 9], "rotation": 90, "texture": "#end"},
				"south": {"uv": [7, 8, 9, 9], "texture": "#end"},
				"west": {"uv": [7, 9, 8, 7], "rotation": 90, "texture": "#end"},
				"up": {"uv": [7, 7, 9, 9], "texture": "#end"},
				"down": {"uv": [0, 0, 2, 2], "texture": "#end"}
			}
		},
		{
			"from": [7, 16, 6],
			"to": [8, 16.5, 7],
			"faces": {
				"north": {"uv": [7, 6, 8, 7], "texture": "#end"},
				"east": {"uv": [7, 6, 8, 7], "texture": "#end"},
				"south": {"uv": [7, 6, 8, 7], "texture": "#end"},
				"west": {"uv": [7, 6, 8, 7], "texture": "#end"},
				"up": {"uv": [7, 6, 8, 7], "texture": "#end"},
				"down": {"uv": [7, 6, 8, 7], "texture": "#end"}
			}
		},
		{
			"from": [6, 16, 7],
			"to": [7, 16.5, 8],
			"faces": {
				"north": {"uv": [6, 7, 7, 8], "texture": "#end"},
				"east": {"uv": [6, 7, 7, 8], "texture": "#end"},
				"south": {"uv": [6, 7, 7, 8], "texture": "#end"},
				"west": {"uv": [6, 7, 7, 8], "texture": "#end"},
				"up": {"uv": [6, 7, 7, 8], "texture": "#end"},
				"down": {"uv": [6, 7, 7, 8], "texture": "#end"}
			}
		}
	],
	"display": {
		"firstperson_righthand": {
			"rotation": [0, 135, 0],
			"scale": [0.4, 0.4, 0.4]
		}
	},
	"groups": [
		0,
		{
			"name": "group",
			"origin": [8, 8, 8],
			"color": 0,
			"children": [1, 2, 3, 4]
		}
	]
}