{
	"credit": "Made with Blockbench",
	"parent": "minecraft:block/orientable_with_bottom",
	"textures": {
		"4": "block/smoker_front_on",
		"top": "block/smoker_top",
		"bottom": "block/smoker_bottom",
		"side": "block/smoker_side",
		"front": "block/smoker_front",
		"particle": "block/smoker_front_on"
	},
	"elements": [
		{
			"from": [0, 4, 1],
			"to": [16, 7, 16],
			"faces": {
				"north": {"uv": [0, 9, 16, 12], "texture": "#4"},
				"east": {"uv": [0, 9, 15, 12], "texture": "#side"},
				"south": {"uv": [0, 9, 16, 12], "texture": "#side"},
				"west": {"uv": [1, 9, 16, 12], "texture": "#side"},
				"up": {"uv": [0, 1, 16, 16], "texture": "#side"},
				"down": {"uv": [0, 0, 16, 15], "texture": "#side"}
			}
		},
		{
			"from": [0, 13, 0],
			"to": [16, 15, 16],
			"faces": {
				"north": {"uv": [0, 1, 16, 3], "texture": "#front"},
				"east": {"uv": [0, 1, 16, 3], "texture": "#side"},
				"south": {"uv": [0, 1, 16, 3], "texture": "#side"},
				"west": {"uv": [0, 1, 16, 3], "texture": "#side"},
				"up": {"uv": [0, 9, 16, 12], "texture": "#side"},
				"down": {"uv": [0, 9, 16, 12], "texture": "#side"}
			}
		},
		{
			"from": [0, 0, 0],
			"to": [16, 1, 16],
			"faces": {
				"north": {"uv": [0, 15, 16, 16], "texture": "#front"},
				"east": {"uv": [0, 15, 16, 16], "texture": "#side"},
				"south": {"uv": [0, 15, 16, 16], "texture": "#side"},
				"west": {"uv": [0, 15, 16, 16], "texture": "#side"},
				"up": {"uv": [0, 0, 16, 16], "texture": "#bottom"},
				"down": {"uv": [0, 0, 16, 16], "texture": "#bottom"}
			}
		},
		{
			"from": [0.25, 1, 1],
			"to": [15.75, 4, 15.75],
			"faces": {
				"north": {"uv": [0.25, 12, 15.75, 15], "texture": "#4"},
				"east": {"uv": [0.25, 12, 15, 15], "texture": "#side"},
				"south": {"uv": [0.25, 12, 15.75, 15], "texture": "#side"},
				"west": {"uv": [1, 12, 15.75, 15], "texture": "#side"},
				"up": {"uv": [0.25, 1, 15.75, 15.75], "texture": "#bottom"},
				"down": {"uv": [0.25, 0.25, 15.75, 15], "texture": "#bottom"}
			}
		},
		{
			"from": [0.25, 7, 2],
			"to": [15.75, 13, 15.75],
			"faces": {
				"north": {"uv": [0.25, 3, 15.75, 9], "texture": "#front"},
				"east": {"uv": [0.25, 3, 14, 9], "texture": "#side"},
				"south": {"uv": [0.25, 3, 15.75, 9], "texture": "#side"},
				"west": {"uv": [2, 3, 15.75, 9], "texture": "#side"},
				"up": {"uv": [0.25, 2, 15.75, 15.75], "texture": "#top"},
				"down": {"uv": [0.25, 0.25, 15.75, 14], "texture": "#bottom"}
			}
		},
		{
			"from": [10, 15, 4],
			"to": [11, 16, 5],
			"faces": {
				"north": {"uv": [10, 4, 11, 5], "texture": "#top"},
				"east": {"uv": [10, 4, 11, 5], "texture": "#top"},
				"south": {"uv": [10, 4, 11, 5], "texture": "#top"},
				"west": {"uv": [10, 4, 11, 5], "texture": "#top"},
				"up": {"uv": [10, 4, 11, 5], "texture": "#top"},
				"down": {"uv": [10, 4, 11, 5], "texture": "#top"}
			}
		},
		{
			"from": [5, 15, 4],
			"to": [6, 16, 5],
			"faces": {
				"north": {"uv": [5, 4, 6, 5], "texture": "#top"},
				"east": {"uv": [5, 4, 6, 5], "texture": "#top"},
				"south": {"uv": [5, 4, 6, 5], "texture": "#top"},
				"west": {"uv": [5, 4, 6, 5], "texture": "#top"},
				"up": {"uv": [5, 4, 6, 5], "texture": "#top"},
				"down": {"uv": [5, 4, 6, 5], "texture": "#top"}
			}
		},
		{
			"from": [5, 15, 11],
			"to": [6, 16, 12],
			"faces": {
				"north": {"uv": [5, 11, 6, 12], "texture": "#top"},
				"east": {"uv": [5, 11, 6, 12], "texture": "#top"},
				"south": {"uv": [5, 11, 6, 12], "texture": "#top"},
				"west": {"uv": [5, 11, 6, 12], "texture": "#top"},
				"up": {"uv": [5, 11, 6, 12], "texture": "#top"},
				"down": {"uv": [5, 11, 6, 12], "texture": "#top"}
			}
		},
		{
			"from": [10, 15, 11],
			"to": [11, 16, 12],
			"faces": {
				"north": {"uv": [10, 11, 11, 12], "texture": "#top"},
				"east": {"uv": [10, 11, 11, 12], "texture": "#top"},
				"south": {"uv": [10, 11, 11, 12], "texture": "#top"},
				"west": {"uv": [10, 11, 11, 12], "texture": "#top"},
				"up": {"uv": [10, 11, 11, 12], "texture": "#top"},
				"down": {"uv": [10, 11, 11, 12], "texture": "#top"}
			}
		},
		{
			"from": [11, 15, 10],
			"to": [12, 16, 12],
			"faces": {
				"north": {"uv": [11, 10, 12, 11], "texture": "#top"},
				"east": {"uv": [4, 0, 6, 1], "texture": "#side"},
				"south": {"uv": [11, 0, 12, 1], "texture": "#side"},
				"west": {"uv": [11, 10, 12, 12], "rotation": 270, "texture": "#top"},
				"up": {"uv": [11, 10, 12, 12], "texture": "#top"},
				"down": {"uv": [11, 4, 12, 6], "texture": "#bottom"}
			}
		},
		{
			"from": [11, 15, 4],
			"to": [12, 16, 6],
			"faces": {
				"north": {"uv": [4, 0, 5, 1], "texture": "#front"},
				"east": {"uv": [10, 0, 12, 1], "texture": "#side"},
				"south": {"uv": [11, 5, 12, 6], "texture": "#top"},
				"west": {"uv": [11, 6, 12, 4], "rotation": 90, "texture": "#top"},
				"up": {"uv": [11, 4, 12, 6], "texture": "#top"},
				"down": {"uv": [11, 10, 12, 12], "texture": "#bottom"}
			}
		},
		{
			"from": [4, 15, 4],
			"to": [5, 16, 6],
			"faces": {
				"north": {"uv": [11, 0, 12, 1], "texture": "#front"},
				"east": {"uv": [4, 4, 5, 6], "rotation": 270, "texture": "#top"},
				"south": {"uv": [4, 5, 5, 6], "texture": "#top"},
				"west": {"uv": [4, 0, 6, 1], "texture": "#side"},
				"up": {"uv": [4, 4, 5, 6], "texture": "#top"},
				"down": {"uv": [4, 10, 5, 12], "texture": "#bottom"}
			}
		},
		{
			"from": [4, 15, 10],
			"to": [5, 16, 12],
			"faces": {
				"north": {"uv": [4, 10, 5, 11], "texture": "#top"},
				"east": {"uv": [4, 12, 5, 10], "rotation": 270, "texture": "#top"},
				"south": {"uv": [4, 0, 5, 1], "texture": "#side"},
				"west": {"uv": [10, 0, 12, 1], "texture": "#side"},
				"up": {"uv": [4, 10, 5, 12], "texture": "#top"},
				"down": {"uv": [4, 4, 5, 6], "texture": "#bottom"}
			}
		},
		{
			"from": [12, 15, 0.25],
			"to": [15.75, 16, 15.75],
			"faces": {
				"north": {"uv": [0.25, 0, 4, 1], "texture": "#front"},
				"east": {"uv": [0.25, 0, 15.75, 1], "texture": "#side"},
				"south": {"uv": [12, 0, 15.75, 1], "texture": "#side"},
				"west": {"uv": [0.25, 0, 15.75, 1], "texture": "#side"},
				"up": {"uv": [12, 0.25, 15.75, 15.75], "texture": "#top"},
				"down": {"uv": [12, 0.25, 15.75, 15.75], "texture": "#bottom"}
			}
		},
		{
			"from": [4, 15, 0.25],
			"to": [12, 16, 4],
			"faces": {
				"north": {"uv": [4, 0, 12, 1], "texture": "#front"},
				"east": {"uv": [12, 0, 15.75, 1], "texture": "#side"},
				"south": {"uv": [4, 0, 12, 1], "texture": "#side"},
				"west": {"uv": [0.25, 0, 4, 1], "texture": "#side"},
				"up": {"uv": [4, 0.25, 12, 4], "texture": "#top"},
				"down": {"uv": [4, 12, 12, 15.75], "texture": "#bottom"}
			}
		},
		{
			"from": [4, 15, 12],
			"to": [12, 16, 15.75],
			"faces": {
				"north": {"uv": [4, 0, 12, 1], "texture": "#front"},
				"east": {"uv": [0.25, 0, 4, 1], "texture": "#side"},
				"south": {"uv": [4, 0, 12, 1], "texture": "#side"},
				"west": {"uv": [12, 0, 15.75, 1], "texture": "#side"},
				"up": {"uv": [4, 12, 12, 15.75], "texture": "#top"},
				"down": {"uv": [4, 0.25, 12, 4], "texture": "#bottom"}
			}
		},
		{
			"from": [0.25, 15, 0.25],
			"to": [4, 16, 15.75],
			"faces": {
				"north": {"uv": [12, 0, 15.75, 1], "texture": "#front"},
				"east": {"uv": [0.25, 0, 15.75, 1], "texture": "#side"},
				"south": {"uv": [0.25, 0, 4, 1], "texture": "#side"},
				"west": {"uv": [0.25, 0, 15.75, 1], "texture": "#side"},
				"up": {"uv": [0.25, 0.25, 4, 15.75], "texture": "#top"},
				"down": {"uv": [0.25, 0.25, 4, 15.75], "texture": "#bottom"}
			}
		},
		{
			"from": [4, 15, 4],
			"to": [12, 15.25, 12],
			"faces": {
				"north": {"uv": [0, 0, 8, 0.25], "texture": "#missing"},
				"east": {"uv": [0, 0, 8, 0.25], "texture": "#missing"},
				"south": {"uv": [0, 0, 8, 0.25], "texture": "#missing"},
				"west": {"uv": [0, 0, 8, 0.25], "texture": "#missing"},
				"up": {"uv": [4, 4, 12, 12], "texture": "#top"},
				"down": {"uv": [0, 0, 8, 8], "texture": "#missing"}
			}
		},
		{
			"from": [16, 0, 14],
			"to": [16.25, 16, 16],
			"faces": {
				"north": {"uv": [1, 0, 1.25, 16], "texture": "#side"},
				"east": {"uv": [0, 0, 2, 16], "texture": "#side"},
				"south": {"uv": [0, 0, 0.25, 15], "texture": "#missing"},
				"west": {"uv": [0, 0, 2, 15], "texture": "#missing"},
				"up": {"uv": [0, 0, 0.25, 2], "rotation": 180, "texture": "#missing"},
				"down": {"uv": [0, 15, 2, 15.25], "rotation": 90, "texture": "#side"}
			}
		},
		{
			"from": [14, 0, 16],
			"to": [16, 16, 16.25],
			"faces": {
				"north": {"uv": [0, 0, 2, 16], "texture": "#missing"},
				"east": {"uv": [0, 0, 0.25, 16], "texture": "#missing"},
				"south": {"uv": [14, 0, 16, 16], "texture": "#side"},
				"west": {"uv": [14, 0, 14.25, 16], "texture": "#side"},
				"up": {"uv": [0, 0, 2, 0.25], "rotation": 180, "texture": "#missing"},
				"down": {"uv": [14, 15.75, 16, 16], "rotation": 180, "texture": "#side"}
			}
		},
		{
			"from": [16, 0, 16],
			"to": [16.25, 16, 16.25],
			"faces": {
				"north": {"uv": [0, 0, 0.25, 16], "texture": "#missing"},
				"east": {"uv": [0, 0, 0.25, 16], "texture": "#side"},
				"south": {"uv": [15.75, 0, 16, 16], "texture": "#side"},
				"west": {"uv": [0, 0, 0.25, 16], "texture": "#missing"},
				"up": {"uv": [0, 0, 0.25, 0.25], "rotation": 180, "texture": "#missing"},
				"down": {"uv": [0, 15.75, 0.25, 16], "rotation": 180, "texture": "#side"}
			}
		},
		{
			"from": [16, 16, 16],
			"to": [16.25, 16.25, 16.25],
			"faces": {
				"north": {"uv": [0, 0, 0.25, 0.25], "texture": "#top"},
				"east": {"uv": [0, 0, 0.25, 0.25], "texture": "#side"},
				"south": {"uv": [15.75, 0, 16, 0.25], "texture": "#side"},
				"west": {"uv": [0, 0, 0.25, 0.25], "texture": "#top"},
				"up": {"uv": [0, 0, 0.25, 0.25], "rotation": 180, "texture": "#top"},
				"down": {"uv": [0, 0, 0.25, 0.25], "rotation": 180, "texture": "#top"}
			}
		},
		{
			"from": [16, 16, 14],
			"to": [16.25, 16.25, 16],
			"faces": {
				"north": {"uv": [0, 1, 0.25, 1.25], "texture": "#bottom"},
				"east": {"uv": [0, 0, 2, 0.25], "texture": "#side"},
				"south": {"uv": [0, 0, 0.25, 0.25], "texture": "#missing"},
				"west": {"uv": [0, 0, 2, 0.25], "texture": "#missing"},
				"up": {"uv": [0, 0, 0.25, 2], "rotation": 180, "texture": "#top"},
				"down": {"uv": [0, 0, 0.25, 2], "rotation": 180, "texture": "#missing"}
			}
		},
		{
			"from": [14, 16, 14],
			"to": [16, 16.25, 16],
			"faces": {
				"north": {"uv": [0, 1, 2, 1.25], "texture": "#top"},
				"east": {"uv": [0, 0, 2, 0.25], "texture": "#missing"},
				"south": {"uv": [0, 0, 2, 0.25], "texture": "#missing"},
				"west": {"uv": [1, 2, 1.25, 0], "rotation": 270, "texture": "#top"},
				"up": {"uv": [0, 0, 2, 2], "rotation": 180, "texture": "#top"},
				"down": {"uv": [0, 0, 2, 2], "rotation": 180, "texture": "#missing"}
			}
		},
		{
			"from": [14, 16, 16],
			"to": [16, 16.25, 16.25],
			"faces": {
				"north": {"uv": [0, 0, 2, 0.25], "texture": "#missing"},
				"east": {"uv": [0, 0, 0.25, 0.25], "texture": "#missing"},
				"south": {"uv": [14, 0, 16, 0.25], "texture": "#side"},
				"west": {"uv": [1, 0, 1.25, 0.25], "texture": "#top"},
				"up": {"uv": [0, 0, 2, 0.25], "rotation": 180, "texture": "#top"},
				"down": {"uv": [0, 0, 2, 0.25], "rotation": 180, "texture": "#missing"}
			}
		},
		{
			"from": [14, 1, 14],
			"to": [16, 16, 16],
			"faces": {
				"north": {"uv": [2, 0, 0, 15], "texture": "#side"},
				"east": {"uv": [0, 0, 2, 1], "texture": "#missing"},
				"south": {"uv": [0, 0, 2, 1], "texture": "#missing"},
				"west": {"uv": [16, 0, 14, 15], "texture": "#side"},
				"up": {"uv": [0, 0, 2, 2], "texture": "#missing"},
				"down": {"uv": [0, 0, 2, 2], "texture": "#missing"}
			}
		},
		{
			"from": [14, 0, -0.25],
			"to": [16, 16, 0],
			"faces": {
				"north": {"uv": [0, 0, 2, 16], "texture": "#front"},
				"east": {"uv": [0, 0, 0.25, 15], "texture": "#missing"},
				"south": {"uv": [0, 0, 2, 15], "texture": "#missing"},
				"west": {"uv": [1, 0, 1.25, 16], "texture": "#side"},
				"up": {"uv": [0, 0, 0.25, 2], "rotation": 90, "texture": "#missing"},
				"down": {"uv": [0, 15, 2, 15.25], "rotation": 180, "texture": "#front"}
			}
		},
		{
			"from": [16, 0, 0],
			"to": [16.25, 16, 2],
			"faces": {
				"north": {"uv": [0, 0, 0.25, 16], "texture": "#missing"},
				"east": {"uv": [14, 0, 16, 16], "texture": "#side"},
				"south": {"uv": [14, 0, 14.25, 16], "texture": "#side"},
				"west": {"uv": [0, 0, 2, 16], "texture": "#missing"},
				"up": {"uv": [0, 0, 2, 0.25], "rotation": 90, "texture": "#missing"},
				"down": {"uv": [14, 15.75, 16, 16], "rotation": 270, "texture": "#side"}
			}
		},
		{
			"from": [16, 0, -0.25],
			"to": [16.25, 16, 0],
			"faces": {
				"north": {"uv": [0, 0, 0.25, 16], "texture": "#front"},
				"east": {"uv": [15.75, 0, 16, 16], "texture": "#side"},
				"south": {"uv": [0, 0, 0.25, 16], "texture": "#missing"},
				"west": {"uv": [0, 0, 0.25, 16], "texture": "#missing"},
				"up": {"uv": [0, 0, 0.25, 0.25], "rotation": 90, "texture": "#missing"},
				"down": {"uv": [0, 15.75, 0.25, 16], "rotation": 270, "texture": "#side"}
			}
		},
		{
			"from": [16, 16, -0.25],
			"to": [16.25, 16.25, 0],
			"faces": {
				"north": {"uv": [0, 0, 0.25, 0.25], "texture": "#side"},
				"east": {"uv": [15.75, 0, 16, 0.25], "texture": "#side"},
				"south": {"uv": [0, 0, 0.25, 0.25], "texture": "#top"},
				"west": {"uv": [0, 0, 0.25, 0.25], "texture": "#top"},
				"up": {"uv": [0, 0, 0.25, 0.25], "rotation": 90, "texture": "#top"},
				"down": {"uv": [0, 0, 0.25, 0.25], "rotation": 270, "texture": "#top"}
			}
		},
		{
			"from": [14, 16, -0.25],
			"to": [16, 16.25, 0],
			"faces": {
				"north": {"uv": [0, 0, 2, 0.25], "texture": "#front"},
				"east": {"uv": [0, 0, 0.25, 0.25], "texture": "#missing"},
				"south": {"uv": [0, 0, 2, 0.25], "texture": "#missing"},
				"west": {"uv": [0, 1, 0.25, 1.25], "texture": "#bottom"},
				"up": {"uv": [0, 0, 0.25, 2], "rotation": 90, "texture": "#top"},
				"down": {"uv": [0, 0, 0.25, 2], "rotation": 270, "texture": "#missing"}
			}
		},
		{
			"from": [14, 16, 0],
			"to": [16, 16.25, 2],
			"faces": {
				"north": {"uv": [0, 0, 2, 0.25], "texture": "#missing"},
				"east": {"uv": [0, 0, 2, 0.25], "texture": "#missing"},
				"south": {"uv": [1, 2, 1.25, 0], "rotation": 270, "texture": "#top"},
				"west": {"uv": [0, 1, 2, 1.25], "texture": "#top"},
				"up": {"uv": [0, 0, 2, 2], "rotation": 90, "texture": "#top"},
				"down": {"uv": [0, 0, 2, 2], "rotation": 270, "texture": "#missing"}
			}
		},
		{
			"from": [16, 16, 0],
			"to": [16.25, 16.25, 2],
			"faces": {
				"north": {"uv": [0, 0, 0.25, 0.25], "texture": "#missing"},
				"east": {"uv": [14, 0, 16, 0.25], "texture": "#side"},
				"south": {"uv": [1, 0, 1.25, 0.25], "texture": "#top"},
				"west": {"uv": [0, 0, 2, 0.25], "texture": "#missing"},
				"up": {"uv": [0, 0, 2, 0.25], "rotation": 90, "texture": "#top"},
				"down": {"uv": [0, 0, 2, 0.25], "rotation": 270, "texture": "#missing"}
			}
		},
		{
			"from": [14, 1, 0],
			"to": [16, 16, 2],
			"faces": {
				"north": {"uv": [0, 0, 2, 1], "texture": "#missing"},
				"east": {"uv": [0, 0, 2, 1], "texture": "#missing"},
				"south": {"uv": [16, 0, 14, 15], "texture": "#side"},
				"west": {"uv": [2, 0, 0, 15], "texture": "#front"},
				"up": {"uv": [0, 0, 2, 2], "texture": "#missing"},
				"down": {"uv": [0, 0, 2, 2], "texture": "#missing"}
			}
		},
		{
			"from": [0, 0, 16],
			"to": [2, 16, 16.25],
			"faces": {
				"north": {"uv": [0, 0, 2, 15], "texture": "#missing"},
				"east": {"uv": [1, 0, 1.25, 16], "texture": "#side"},
				"south": {"uv": [0, 0, 2, 16], "texture": "#side"},
				"west": {"uv": [0, 0, 0.25, 15], "texture": "#missing"},
				"up": {"uv": [0, 0, 0.25, 2], "rotation": 270, "texture": "#missing"},
				"down": {"uv": [0, 15, 2, 15.25], "texture": "#side"}
			}
		},
		{
			"from": [-0.25, 0, 14],
			"to": [0, 16, 16],
			"faces": {
				"north": {"uv": [14, 0, 14.25, 16], "texture": "#side"},
				"east": {"uv": [0, 0, 2, 16], "texture": "#missing"},
				"south": {"uv": [0, 0, 0.25, 16], "texture": "#missing"},
				"west": {"uv": [14, 0, 16, 16], "texture": "#side"},
				"up": {"uv": [0, 0, 2, 0.25], "rotation": 270, "texture": "#missing"},
				"down": {"uv": [14, 15.75, 16, 16], "rotation": 90, "texture": "#side"}
			}
		},
		{
			"from": [-0.25, 0, 16],
			"to": [0, 16, 16.25],
			"faces": {
				"north": {"uv": [0, 0, 0.25, 16], "texture": "#missing"},
				"east": {"uv": [0, 0, 0.25, 16], "texture": "#missing"},
				"south": {"uv": [0, 0, 0.25, 16], "texture": "#side"},
				"west": {"uv": [15.75, 0, 16, 16], "texture": "#side"},
				"up": {"uv": [0, 0, 0.25, 0.25], "rotation": 270, "texture": "#missing"},
				"down": {"uv": [0, 15.75, 0.25, 16], "rotation": 90, "texture": "#side"}
			}
		},
		{
			"from": [-0.25, 16, 16],
			"to": [0, 16.25, 16.25],
			"faces": {
				"north": {"uv": [0, 0, 0.25, 0.25], "texture": "#top"},
				"east": {"uv": [0, 0, 0.25, 0.25], "texture": "#top"},
				"south": {"uv": [0, 0, 0.25, 0.25], "texture": "#side"},
				"west": {"uv": [15.75, 0, 16, 0.25], "texture": "#side"},
				"up": {"uv": [0, 0, 0.25, 0.25], "rotation": 270, "texture": "#top"},
				"down": {"uv": [0, 0, 0.25, 0.25], "rotation": 90, "texture": "#top"}
			}
		},
		{
			"from": [0, 16, 16],
			"to": [2, 16.25, 16.25],
			"faces": {
				"north": {"uv": [0, 0, 2, 0.25], "texture": "#missing"},
				"east": {"uv": [0, 1, 0.25, 1.25], "texture": "#bottom"},
				"south": {"uv": [0, 0, 2, 0.25], "texture": "#side"},
				"west": {"uv": [0, 0, 0.25, 0.25], "texture": "#missing"},
				"up": {"uv": [0, 0, 0.25, 2], "rotation": 270, "texture": "#top"},
				"down": {"uv": [0, 0, 0.25, 2], "rotation": 90, "texture": "#missing"}
			}
		},
		{
			"from": [0, 16, 14],
			"to": [2, 16.25, 16],
			"faces": {
				"north": {"uv": [1, 2, 1.25, 0], "rotation": 270, "texture": "#top"},
				"east": {"uv": [0, 1, 2, 1.25], "texture": "#top"},
				"south": {"uv": [0, 0, 2, 0.25], "texture": "#missing"},
				"west": {"uv": [0, 0, 2, 0.25], "texture": "#missing"},
				"up": {"uv": [0, 0, 2, 2], "rotation": 270, "texture": "#top"},
				"down": {"uv": [0, 0, 2, 2], "rotation": 90, "texture": "#missing"}
			}
		},
		{
			"from": [-0.25, 16, 14],
			"to": [0, 16.25, 16],
			"faces": {
				"north": {"uv": [1, 0, 1.25, 0.25], "texture": "#top"},
				"east": {"uv": [0, 0, 2, 0.25], "texture": "#missing"},
				"south": {"uv": [0, 0, 0.25, 0.25], "texture": "#missing"},
				"west": {"uv": [14, 0, 16, 0.25], "texture": "#side"},
				"up": {"uv": [0, 0, 2, 0.25], "rotation": 270, "texture": "#top"},
				"down": {"uv": [0, 0, 2, 0.25], "rotation": 90, "texture": "#missing"}
			}
		},
		{
			"from": [0, 1, 14],
			"to": [2, 16, 16],
			"faces": {
				"north": {"uv": [16, 0, 14, 15], "texture": "#side"},
				"east": {"uv": [2, 0, 0, 15], "texture": "#side"},
				"south": {"uv": [0, 0, 2, 1], "texture": "#missing"},
				"west": {"uv": [0, 0, 2, 1], "texture": "#missing"},
				"up": {"uv": [0, 0, 2, 2], "texture": "#missing"},
				"down": {"uv": [0, 0, 2, 2], "texture": "#missing"}
			}
		},
		{
			"from": [-0.25, 0, 0],
			"to": [0, 16, 2],
			"faces": {
				"north": {"uv": [0, 0, 0.25, 15], "texture": "#missing"},
				"east": {"uv": [0, 0, 2, 15], "texture": "#missing"},
				"south": {"uv": [1, 0, 1.25, 16], "texture": "#side"},
				"west": {"uv": [0, 0, 2, 16], "texture": "#side"},
				"up": {"uv": [0, 0, 0.25, 2], "texture": "#missing"},
				"down": {"uv": [0, 15, 2, 15.25], "rotation": 270, "texture": "#side"}
			}
		},
		{
			"from": [0, 0, -0.25],
			"to": [2, 16, 0],
			"faces": {
				"north": {"uv": [14, 0, 16, 16], "texture": "#front"},
				"east": {"uv": [14, 0, 14.25, 16], "texture": "#front"},
				"south": {"uv": [0, 0, 2, 16], "texture": "#missing"},
				"west": {"uv": [0, 0, 0.25, 16], "texture": "#missing"},
				"up": {"uv": [0, 0, 2, 0.25], "texture": "#missing"},
				"down": {"uv": [14, 15.75, 16, 16], "texture": "#front"}
			}
		},
		{
			"from": [-0.25, 0, -0.25],
			"to": [0, 16, 0],
			"faces": {
				"north": {"uv": [15.75, 0, 16, 16], "texture": "#front"},
				"east": {"uv": [0, 0, 0.25, 16], "texture": "#missing"},
				"south": {"uv": [0, 0, 0.25, 16], "texture": "#missing"},
				"west": {"uv": [0, 0, 0.25, 16], "texture": "#side"},
				"up": {"uv": [0, 0, 0.25, 0.25], "texture": "#missing"},
				"down": {"uv": [0, 15.75, 0.25, 16], "texture": "#side"}
			}
		},
		{
			"from": [-0.25, 16, -0.25],
			"to": [0, 16.25, 0],
			"faces": {
				"north": {"uv": [15.75, 0, 16, 0.25], "texture": "#front"},
				"east": {"uv": [0, 0, 0.25, 0.25], "texture": "#top"},
				"south": {"uv": [0, 0, 0.25, 0.25], "texture": "#top"},
				"west": {"uv": [0, 0, 0.25, 0.25], "texture": "#side"},
				"up": {"uv": [0, 0, 0.25, 0.25], "texture": "#top"},
				"down": {"uv": [0, 0, 0.25, 0.25], "texture": "#top"}
			}
		},
		{
			"from": [-0.25, 16, 0],
			"to": [0, 16.25, 2],
			"faces": {
				"north": {"uv": [0, 0, 0.25, 0.25], "texture": "#missing"},
				"east": {"uv": [0, 0, 2, 0.25], "texture": "#missing"},
				"south": {"uv": [0, 1, 0.25, 1.25], "texture": "#bottom"},
				"west": {"uv": [0, 0, 2, 0.25], "texture": "#side"},
				"up": {"uv": [0, 0, 0.25, 2], "texture": "#top"},
				"down": {"uv": [0, 0, 0.25, 2], "texture": "#missing"}
			}
		},
		{
			"from": [0, 16, 0],
			"to": [2, 16.25, 2],
			"faces": {
				"north": {"uv": [0, 0, 2, 0.25], "texture": "#missing"},
				"east": {"uv": [1, 2, 1.25, 0], "rotation": 270, "texture": "#top"},
				"south": {"uv": [0, 1, 2, 1.25], "texture": "#top"},
				"west": {"uv": [0, 0, 2, 0.25], "texture": "#missing"},
				"up": {"uv": [0, 0, 2, 2], "texture": "#top"},
				"down": {"uv": [0, 0, 2, 2], "texture": "#missing"}
			}
		},
		{
			"from": [0, 16, -0.25],
			"to": [2, 16.25, 0],
			"faces": {
				"north": {"uv": [14, 0, 16, 0.25], "texture": "#front"},
				"east": {"uv": [1, 0, 1.25, 0.25], "texture": "#top"},
				"south": {"uv": [0, 0, 2, 0.25], "texture": "#missing"},
				"west": {"uv": [0, 0, 0.25, 0.25], "texture": "#missing"},
				"up": {"uv": [0, 0, 2, 0.25], "texture": "#top"},
				"down": {"uv": [0, 0, 2, 0.25], "texture": "#missing"}
			}
		},
		{
			"from": [0, 1, 0],
			"to": [2, 16, 2],
			"faces": {
				"north": {"uv": [0, 0, 2, 1], "texture": "#missing"},
				"east": {"uv": [16, 0, 14, 15], "texture": "#front"},
				"south": {"uv": [2, 0, 0, 15], "texture": "#side"},
				"west": {"uv": [0, 0, 2, 1], "texture": "#missing"},
				"up": {"uv": [0, 0, 2, 2], "texture": "#missing"},
				"down": {"uv": [0, 0, 2, 2], "texture": "#missing"}
			}
		},
		{
			"from": [2, 7, 0.25],
			"to": [14, 8, 2],
			"faces": {
				"north": {"uv": [2, 8, 14, 9], "texture": "#4"},
				"east": {"uv": [0, 0, 2, 1], "texture": "#missing"},
				"south": {"uv": [0, 0, 12, 1], "texture": "#missing"},
				"west": {"uv": [0, 0, 2, 1], "texture": "#missing"},
				"up": {"uv": [14, 9, 2, 7.25], "texture": "#4"},
				"down": {"uv": [14, 10, 2, 8], "texture": "#4"}
			}
		},
		{
			"from": [2, 12, 0.25],
			"to": [14, 13, 2],
			"faces": {
				"north": {"uv": [2, 3, 14, 4], "texture": "#4"},
				"east": {"uv": [14, 3, 15.75, 4], "texture": "#missing"},
				"south": {"uv": [2, 3, 14, 4], "texture": "#missing"},
				"west": {"uv": [0.25, 3, 2, 4], "texture": "#missing"},
				"up": {"uv": [2, 3, 14, 4.75], "texture": "#front"},
				"down": {"uv": [14, 4.75, 2, 3], "texture": "#4"}
			}
		},
		{
			"from": [2, 8, 0.25],
			"to": [4, 12, 2],
			"faces": {
				"north": {"uv": [12, 4, 14, 8], "texture": "#4"},
				"east": {"uv": [11.25, 4, 13, 8], "texture": "#4"},
				"south": {"uv": [0, 0, 2, 4], "texture": "#missing"},
				"west": {"uv": [0, 0, 1.75, 4], "texture": "#missing"},
				"up": {"uv": [0, 0, 2, 1.75], "texture": "#missing"},
				"down": {"uv": [0, 0, 2, 1.75], "texture": "#missing"}
			}
		},
		{
			"from": [11, 8, 0.25],
			"to": [14, 12, 2],
			"faces": {
				"north": {"uv": [2, 4, 5, 8], "texture": "#4"},
				"east": {"uv": [3, 4, 4.75, 8], "texture": "#front"},
				"south": {"uv": [0, 0, 2, 4], "texture": "#missing"},
				"west": {"uv": [4, 4, 5.75, 8], "texture": "#4"},
				"up": {"uv": [0, 0, 2, 1.75], "texture": "#missing"},
				"down": {"uv": [0, 0, 2, 1.75], "texture": "#missing"}
			}
		},
		{
			"from": [4, 8, 1.25],
			"to": [11, 12, 2],
			"faces": {
				"north": {"uv": [5, 4, 12, 8], "texture": "#4"},
				"east": {"uv": [0, 0, 0.5, 4], "texture": "#missing"},
				"south": {"uv": [0, 0, 7, 4], "texture": "#missing"},
				"west": {"uv": [0, 0, 0.5, 4], "texture": "#missing"},
				"up": {"uv": [0, 0, 7, 0.5], "texture": "#missing"},
				"down": {"uv": [0, 0, 7, 0.5], "texture": "#missing"}
			}
		}
	],
	"groups": [
		{
			"name": "group",
			"origin": [8, 8, 8],
			"color": 0,
			"children": [
				0,
				1,
				2,
				3,
				4,
				{
					"name": "group",
					"origin": [8, 8, 8],
					"color": 0,
					"children": [5, 6, 7, 8, 9, 10, 11, 12, 13, 14, 15, 16, 17]
				},
				{
					"name": "group",
					"origin": [8, 8, 8],
					"color": 0,
					"children": [
						{
							"name": "group",
							"origin": [8, 8, 8],
							"color": 0,
							"children": [18, 19, 20, 21, 22, 23, 24, 25]
						},
						{
							"name": "group",
							"origin": [8, 8, 8],
							"color": 0,
							"children": [26, 27, 28, 29, 30, 31, 32, 33]
						},
						{
							"name": "group",
							"origin": [8, 8, 8],
							"color": 0,
							"children": [34, 35, 36, 37, 38, 39, 40, 41]
						},
						{
							"name": "group",
							"origin": [8, 8, 8],
							"color": 0,
							"children": [42, 43, 44, 45, 46, 47, 48, 49]
						}
					]
				},
				{
					"name": "group",
					"origin": [8, 8, 8],
					"color": 0,
					"children": [50, 51, 52, 53, 54]
				}
			]
		}
	]
}