{
	"credit": "Made with Blockbench",
	"ambientocclusion": false,
	"textures": {
		"6": "block/water_still",
		"top": "block/cauldron_top",
		"bottom": "block/cauldron_bottom",
		"particle": "block/cauldron_side",
		"side": "block/cauldron_side",
		"inside": "block/cauldron_inner"
	},
	"elements": [
		{
			"from": [10.5, 14, 13.5],
			"to": [16.5, 16, 16.5],
			"faces": {
				"north": {"uv": [10, 0, 16, 2], "texture": "#side"},
				"east": {"uv": [13, 0, 16, 2], "texture": "#side"},
				"south": {"uv": [10, 0, 16, 2], "texture": "#side"},
				"west": {"uv": [13.5, 0, 16.5, 2], "texture": "#side"},
				"up": {"uv": [10, 13, 16, 16], "texture": "#top"},
				"down": {"uv": [10, 13, 16, 16], "texture": "#top"}
			}
		},
		{
			"from": [-0.5, 14, 13.5],
			"to": [6.5, 16, 16.5],
			"faces": {
				"north": {"uv": [0, 0, 7, 2], "texture": "#side"},
				"east": {"uv": [0, 0, 3, 2], "texture": "#side"},
				"south": {"uv": [0, 0, 7, 2], "texture": "#side"},
				"west": {"uv": [0, 0, 3, 2], "texture": "#side"},
				"up": {"uv": [0, 13, 7, 16], "texture": "#top"},
				"down": {"uv": [0, 13, 7, 16], "texture": "#top"}
			}
		},
		{
			"from": [-0.5, 14, -0.5],
			"to": [6.5, 16, 2.5],
			"faces": {
				"north": {"uv": [9, 0, 16, 2], "texture": "#side"},
				"east": {"uv": [13, 0, 16, 2], "texture": "#side"},
				"south": {"uv": [9, 0, 16, 2], "texture": "#side"},
				"west": {"uv": [0, 0, 3, 2], "texture": "#side"},
				"up": {"uv": [0, 0, 7, 3], "texture": "#top"},
				"down": {"uv": [0, 0, 7, 3], "texture": "#top"}
			}
		},
		{
			"from": [10.5, 14, -0.5],
			"to": [16.5, 16, 2.5],
			"faces": {
				"north": {"uv": [10, 0, 16, 2], "texture": "#side"},
				"east": {"uv": [13, 0, 16, 2], "texture": "#side"},
				"south": {"uv": [10, 0, 16, 2], "texture": "#side"},
				"west": {"uv": [13, 0, 16, 2], "texture": "#side"},
				"up": {"uv": [10, 0, 16, 3], "texture": "#top"},
				"down": {"uv": [10, 0, 16, 3], "texture": "#top"}
			}
		},
		{
			"from": [6.5, 14, -0.5],
			"to": [10.5, 16, 2.5],
			"faces": {
				"north": {"uv": [6, 0, 10, 2], "texture": "#side"},
				"east": {"uv": [0, 0, 3, 2], "texture": "#missing"},
				"south": {"uv": [6, 0, 10, 2], "texture": "#side"},
				"west": {"uv": [0, 0, 3, 2], "texture": "#missing"},
				"up": {"uv": [6, 0, 10, 3], "texture": "#top"},
				"down": {"uv": [6, 0, 10, 3], "texture": "#top"}
			}
		},
		{
			"from": [6.5, 14, 13.5],
			"to": [10.5, 16, 16.5],
			"faces": {
				"north": {"uv": [6, 0, 10, 2], "texture": "#side"},
				"east": {"uv": [0, 0, 3, 2], "texture": "#missing"},
				"south": {"uv": [6, 0, 10, 2], "texture": "#side"},
				"west": {"uv": [0, 0, 3, 2], "texture": "#missing"},
				"up": {"uv": [6, 13, 10, 16], "texture": "#top"},
				"down": {"uv": [6, 13, 10, 16], "texture": "#top"}
			}
		},
		{
			"from": [-0.5, 14, 2.5],
			"to": [2.5, 16, 13.5],
			"faces": {
				"north": {"uv": [0, 0, 3, 2], "texture": "#missing"},
				"east": {"uv": [3, 0, 14, 2], "texture": "#side"},
				"south": {"uv": [0, 0, 3, 2], "texture": "#missing"},
				"west": {"uv": [3, 0, 14, 2], "texture": "#side"},
				"up": {"uv": [0, 3, 3, 14], "texture": "#top"},
				"down": {"uv": [0, 3, 3, 14], "texture": "#top"}
			}
		},
		{
			"from": [13.5, 14, 2.5],
			"to": [16.5, 16, 13.5],
			"faces": {
				"north": {"uv": [0, 0, 3, 2], "texture": "#missing"},
				"east": {"uv": [3, 0, 14, 2], "texture": "#side"},
				"south": {"uv": [0, 0, 3, 2], "texture": "#missing"},
				"west": {"uv": [3, 0, 14, 2], "texture": "#side"},
				"up": {"uv": [13, 3, 16, 14], "texture": "#top"},
				"down": {"uv": [13, 3, 16, 14], "texture": "#top"}
			}
		},
		{
			"from": [0, 3, 0],
			"to": [2, 14, 16],
			"faces": {
				"north": {"uv": [14, 2, 16, 13], "texture": "#side", "cullface": "north"},
				"east": {"uv": [0, 2, 16, 13], "texture": "#side"},
				"south": {"uv": [0, 2, 2, 13], "texture": "#side", "cullface": "south"},
				"west": {"uv": [0, 2, 16, 13], "texture": "#side", "cullface": "west"},
				"up": {"uv": [0, 0, 2, 16], "texture": "#top", "cullface": "up"},
				"down": {"uv": [0, 0, 2, 16], "texture": "#inside"}
			}
		},
		{
			"from": [14, 3, 0],
			"to": [16, 14, 16],
			"faces": {
				"north": {"uv": [0, 2, 2, 13], "texture": "#side", "cullface": "north"},
				"east": {"uv": [0, 2, 16, 13], "texture": "#side", "cullface": "east"},
				"south": {"uv": [14, 2, 16, 13], "texture": "#side", "cullface": "south"},
				"west": {"uv": [0, 2, 16, 13], "texture": "#side"},
				"up": {"uv": [14, 0, 16, 16], "texture": "#top", "cullface": "up"},
				"down": {"uv": [14, 0, 16, 16], "texture": "#inside"}
			}
		},
		{
			"from": [2, 3, 0],
			"to": [14, 14, 2],
			"faces": {
				"north": {"uv": [2, 2, 14, 13], "texture": "#side", "cullface": "north"},
				"south": {"uv": [2, 2, 14, 13], "texture": "#side"},
				"up": {"uv": [2, 0, 14, 2], "texture": "#top", "cullface": "up"},
				"down": {"uv": [2, 14, 14, 16], "texture": "#inside"}
			}
		},
		{
			"from": [2, 3, 14],
			"to": [14, 14, 16],
			"faces": {
				"north": {"uv": [2, 2, 14, 13], "texture": "#side"},
				"south": {"uv": [2, 2, 14, 13], "texture": "#side", "cullface": "south"},
				"up": {"uv": [2, 14, 14, 16], "texture": "#top", "cullface": "up"},
				"down": {"uv": [2, 0, 14, 2], "texture": "#inside"}
			}
		},
		{
			"from": [14, 0, 12],
			"to": [16, 3, 14],
			"faces": {
				"north": {"uv": [0, 13, 2, 16], "texture": "#side"},
				"east": {"uv": [2, 13, 4, 16], "texture": "#side", "cullface": "east"},
				"west": {"uv": [12, 13, 14, 16], "texture": "#side"},
				"down": {"uv": [14, 2, 16, 4], "texture": "#bottom", "cullface": "down"}
			}
		},
		{
			"from": [12, 0, 14],
			"to": [16, 3, 16],
			"faces": {
				"north": {"uv": [0, 13, 4, 16], "texture": "#side"},
				"east": {"uv": [0, 13, 2, 16], "texture": "#side", "cullface": "east"},
				"south": {"uv": [12, 13, 16, 16], "texture": "#side", "cullface": "south"},
				"west": {"uv": [14, 13, 16, 16], "texture": "#side"},
				"down": {"uv": [12, 0, 16, 2], "texture": "#bottom", "cullface": "down"}
			}
		},
		{
			"from": [0, 0, 12],
			"to": [2, 3, 14],
			"faces": {
				"north": {"uv": [14, 13, 16, 16], "texture": "#side"},
				"east": {"uv": [2, 13, 4, 16], "texture": "#side"},
				"west": {"uv": [12, 13, 14, 16], "texture": "#side", "cullface": "west"},
				"down": {"uv": [0, 2, 2, 4], "texture": "#bottom", "cullface": "down"}
			}
		},
		{
			"from": [0, 0, 14],
			"to": [4, 3, 16],
			"faces": {
				"north": {"uv": [12, 13, 16, 16], "texture": "#side"},
				"east": {"uv": [0, 13, 2, 16], "texture": "#side"},
				"south": {"uv": [0, 13, 4, 16], "texture": "#side", "cullface": "south"},
				"west": {"uv": [14, 13, 16, 16], "texture": "#side", "cullface": "west"},
				"down": {"uv": [0, 0, 4, 2], "texture": "#bottom", "cullface": "down"}
			}
		},
		{
			"from": [14, 0, 2],
			"to": [16, 3, 4],
			"faces": {
				"east": {"uv": [12, 13, 14, 16], "texture": "#side", "cullface": "east"},
				"south": {"uv": [14, 13, 16, 16], "texture": "#side"},
				"west": {"uv": [2, 13, 4, 16], "texture": "#side"},
				"down": {"uv": [14, 12, 16, 14], "texture": "#bottom", "cullface": "down"}
			}
		},
		{
			"from": [12, 0, 0],
			"to": [16, 3, 2],
			"faces": {
				"north": {"uv": [0, 13, 4, 16], "texture": "#side", "cullface": "north"},
				"east": {"uv": [14, 13, 16, 16], "texture": "#side", "cullface": "east"},
				"south": {"uv": [12, 13, 16, 16], "texture": "#side"},
				"west": {"uv": [0, 13, 2, 16], "texture": "#side"},
				"down": {"uv": [12, 14, 16, 16], "texture": "#bottom", "cullface": "down"}
			}
		},
		{
			"from": [0, 0, 2],
			"to": [2, 3, 4],
			"faces": {
				"east": {"uv": [12, 13, 14, 16], "texture": "#side"},
				"south": {"uv": [0, 13, 2, 16], "texture": "#side"},
				"west": {"uv": [2, 13, 4, 16], "texture": "#side", "cullface": "west"},
				"down": {"uv": [0, 12, 2, 14], "texture": "#bottom", "cullface": "down"}
			}
		},
		{
			"from": [0, 0, 0],
			"to": [4, 3, 2],
			"faces": {
				"north": {"uv": [12, 13, 16, 16], "texture": "#side", "cullface": "north"},
				"east": {"uv": [14, 13, 16, 16], "texture": "#side"},
				"south": {"uv": [0, 13, 4, 16], "texture": "#side"},
				"west": {"uv": [0, 13, 2, 16], "texture": "#side", "cullface": "west"},
				"down": {"uv": [0, 14, 4, 16], "texture": "#bottom", "cullface": "down"}
			}
		},
		{
			"from": [2, 3, 2],
			"to": [14, 4, 14],
			"faces": {
				"up": {"uv": [2, 2, 14, 14], "texture": "#inside"},
				"down": {"uv": [2, 2, 14, 14], "texture": "#inside"}
			}
		},
		{
			"from": [2, 4, 2],
			"to": [14, 9, 14],
			"faces": {
				"up": {"uv": [2, 2, 14, 14], "texture": "#6", "tintindex": 0}
			}
		}
	],
	"groups": [
		{
			"name": "group",
			"origin": [8, 8, 8],
			"color": 0,
			"children": [0, 1, 2, 3, 4, 5, 6, 7]
		},
		{
			"name": "group",
			"origin": [0, 0, 0],
			"color": 0,
			"children": [8, 9, 10, 11]
		},
		{
			"name": "group",
			"origin": [8, 8, 8],
			"color": 0,
			"children": [12, 13, 14, 15, 16, 17, 18, 19]
		},
		20,
		21
	]
}